Date,Entity,Division,Type,Item,Function,Amount_total,Amount_1,Amount_2,Amount_3,Income_total,Income_1,Income_2,Income_3
2020-03,EU,France,on,Cash,All,0.151206522,0.062276023,0.067652933,0.021277566,0,0,0,0
2020-03,EU,France,on,Receivables,All,0.124262002,0.024532869,0.084237168,0.015491965,0,0,0,0
2020-03,EU,France,on,LL,Shoes,0.11315801,0.035101966,0.005643213,0.072412831,0.234903535,0.072342503,0.062734478,0.099826554
2020-03,EU,France,on,LL,Apparel,0.191350356,0.078860877,0.090892394,0.021597085,0.088134951,0.060897966,0.024635215,0.00260177
2020-03,EU,France,on,LL,Devices,0.118941851,0.051866151,0.054410233,0.012665467,0.032433274,0.018946812,0.003460591,0.010025871
2020-03,EU,France,on,LL,Smart,0.047055815,0.022232315,0.015710437,0.009113063,0.16573351,0.007280892,0.074486368,0.08396625
2020-03,EU,France,off,GG,Shoes,0.171687646,0.09130525,0.054193133,0.026189262,0.205211711,0.081520945,0.070676702,0.053014064
2020-03,EU,France,off,GG,Apparel,0.162304871,0.050216421,0.043464727,0.068623723,0.211524396,0.056499396,0.08354243,0.07148257
2020-03,EU,France,off,II,Shoes,0.148323755,0.095714507,0.029631036,0.022978212,0.073372203,0.064949218,0.000318748,0.008104236
2020-03,EU,France,off,II,Apparel,0.195870305,0.004279354,0.099897654,0.091693296,0.098970855,0.041364152,0.022588687,0.035018015
2020-03,EU,Stockholm,on,Cash,All,0.11044795,0.054095405,0.047319573,0.009032972,0,0,0,0
2020-03,EU,Stockholm,on,Receivables,All,0.139464191,0.066154659,0.069091127,0.004218405,0,0,0,0
2020-03,EU,Stockholm,on,LL,Shoes,0.211446924,0.076755862,0.068757435,0.065933626,0.126452596,0.086346921,0.005846802,0.034258874
2020-03,EU,Stockholm,on,LL,Apparel,0.142780586,0.070899068,0.029582449,0.042299069,0.160971044,0.061315881,0.065403799,0.034251364
2020-03,EU,Stockholm,on,LL,Devices,0.155329969,0.067182588,0.049421395,0.038725986,0.18521869,0.021996665,0.094674337,0.068547688
2020-03,EU,Stockholm,on,LL,Smart,0.167673409,0.040019977,0.098540185,0.029113247,0.129333722,0.021584594,0.038865973,0.068883155
2020-03,EU,Stockholm,off,GG,Shoes,0.112456602,0.023022089,0.022903854,0.066530659,0.17003229,0.081660927,0.00452729,0.083844073
2020-03,EU,Stockholm,off,GG,Apparel,0.195148168,0.076846228,0.092393096,0.025908844,0.148584608,0.043336043,0.09122242,0.014026145
2020-03,EU,Stockholm,off,II,Shoes,0.171860751,0.067065636,0.089417532,0.015377583,0.128100227,0.042099217,0.027138978,0.058862032
2020-03,EU,Stockholm,off,II,Apparel,0.124516482,0.076395219,0.01899979,0.029121474,0.239004686,0.042829308,0.099514634,0.096660744
2020-06,EU,France,on,Cash,All,0.030354345,0.062028882,0.045343723,0.054328971,0,0,0,0
2020-06,EU,France,on,Receivables,All,0.090576634,0.055082327,0.052716924,0.061162114,0,0,0,0
2020-06,EU,France,on,LL,Shoes,0.038747122,0.083844336,0.088265322,0.040759183,0.055308916,0.062987561,0.082098962,0.019616286
2020-06,EU,France,on,LL,Apparel,0.049969329,0.007868195,0.01381263,0.096186765,0.094209371,0.068792491,0.075953197,0.074294297
2020-06,EU,France,on,LL,Devices,0.084711011,0.0898114,0.00459577,0.024214532,0.012523716,0.006310734,0.079582078,0.070195219
2020-06,EU,France,on,LL,Smart,0.005255989,0.043738059,0.023403852,0.044160241,0.043107278,0.072210262,0.052165163,0.024042076
2020-06,EU,France,off,GG,Shoes,0.044354637,0.061444916,0.078541131,0.05610798,0.069320141,0.024034369,0.045473496,0.045203374
2020-06,EU,France,off,GG,Apparel,0.081421252,0.0342932,0.033377563,0.034588166,0.057790498,0.011986974,0.093752881,0.094888674
2020-06,EU,France,off,II,Shoes,0.04929237,0.008063554,0.025037183,0.051574958,0.013630775,0.0927671,0.002376771,0.076772529
2020-06,EU,France,off,II,Apparel,0.067049109,0.097379949,0.055324381,0.049776571,0.017230494,0.05807105,0.044236351,0.023901071
2020-06,EU,Stockholm,on,Cash,All,0.046899194,0.03270602,0.031999413,0.08499854,0,0,0,0
2020-06,EU,Stockholm,on,Receivables,All,0.039872203,0.024344314,0.042960443,0.040812526,0,0,0,0
2020-06,EU,Stockholm,on,LL,Shoes,0.016291652,0.035143838,0.098046058,0.008159208,0.068289977,0.01993941,0.022700268,0.038769553
2020-06,EU,Stockholm,on,LL,Apparel,0.020854149,0.022698821,0.059444277,0.080641939,0.01907043,0.070133665,0.014085013,0.029608081
2020-06,EU,Stockholm,on,LL,Devices,0.081891396,0.003767073,0.094070108,0.068774189,0.076672031,0.034894434,0.072433422,0.063298637
2020-06,EU,Stockholm,on,LL,Smart,0.098351683,0.095527002,0.020041276,0.080788559,0.084957975,0.041350592,0.072420948,0.049729563
2020-06,EU,Stockholm,off,GG,Shoes,0.018773052,0.028549238,0.066590693,0.039171031,0.089560435,0.021673644,0.023546334,0.009224587
2020-06,EU,Stockholm,off,GG,Apparel,0.06577808,0.033664974,0.032808838,0.016050551,0.038438436,0.0839109,0.054925147,0.059970408
2020-06,EU,Stockholm,off,II,Shoes,0.029506581,0.053014607,0.002656349,0.020568399,0.07807775,0.024854715,0.084406901,0.082924987
2020-06,EU,Stockholm,off,II,Apparel,0.08250229,0.022365576,0.057267778,0.020651853,0.089830628,0.079982359,0.082724314,0.097542063
2020-09,EU,France,on,Cash,All,0.016187756,0.008550759,0.06847005,0.053173044,0,0,0,0
2020-09,EU,France,on,Receivables,All,0.020820991,0.054434262,0.099960904,0.061217296,0,0,0,0
2020-09,EU,France,on,LL,Shoes,0.099143171,0.06624328,0.076543314,0.04738127,0.012986053,0.067677968,0.079008043,0.050337601
2020-09,EU,France,on,LL,Apparel,0.056805798,0.030946018,0.036571157,0.090168293,0.024436089,0.031301509,0.059707562,0.027425211
2020-09,EU,France,on,LL,Devices,0.019046067,0.092355363,0.082685777,0.003092529,0.092726691,0.082811239,0.001254163,0.02816548
2020-09,EU,France,on,LL,Smart,0.079200407,0.079642152,0.022487164,0.075844701,0.048010188,0.072402521,0.027022441,0.049110409
2020-09,EU,France,off,GG,Shoes,0.087639379,0.013768347,0.081002078,0.066725654,0.010848801,0.040510538,0.037210332,0.005774672
2020-09,EU,France,off,GG,Apparel,0.062654663,0.080555881,0.032855116,0.093894971,0.031154244,0.071623489,0.028997248,0.027194262
2020-09,EU,France,off,II,Shoes,0.005231266,0.023436944,0.025208319,0.035247815,0.023192442,0.018307054,0.093332397,0.028929057
2020-09,EU,France,off,II,Apparel,0.02082824,0.040516774,0.03921116,0.072601612,0.038723696,0.073885895,0.020655404,0.05791158
2020-09,EU,Stockholm,on,Cash,All,0.001839493,0.087669574,0.026593198,0.065506661,0,0,0,0
2020-09,EU,Stockholm,on,Receivables,All,0.0813099,0.065312767,0.066617216,0.045969951,0,0,0,0
2020-09,EU,Stockholm,on,LL,Shoes,0.082649466,0.021536956,0.08418625,0.009886356,0.072130032,0.093297011,0.030745562,0.069703751
2020-09,EU,Stockholm,on,LL,Apparel,0.024918937,0.039940312,0.041047408,0.055709222,0.060259815,0.050125724,0.022111418,0.055578902
2020-09,EU,Stockholm,on,LL,Devices,0.085686987,0.092193876,0.018172943,0.026081145,0.045260428,0.027529653,0.072410942,0.030768207
2020-09,EU,Stockholm,on,LL,Smart,0.038568691,0.021774366,0.000454346,0.0138252,0.067868517,0.034609661,0.057143453,0.088896958
2020-09,EU,Stockholm,off,GG,Shoes,0.080877576,0.053252052,0.046486346,0.036868962,0.046361565,0.010247209,0.065108133,0.018647802
2020-09,EU,Stockholm,off,GG,Apparel,0.082194219,0.03266792,0.025164126,0.044602921,0.091720078,0.048056589,0.011848073,0.089707653
2020-09,EU,Stockholm,off,II,Shoes,0.082326411,0.031852314,0.087459656,0.028972112,0.078070563,0.059463583,0.049787815,0.023670675
2020-09,EU,Stockholm,off,II,Apparel,0.048264194,0.098412,0.01885583,0.043511691,0.097151125,0.050620275,0.040182768,0.027690765
2020-12,EU,France,on,Cash,All,0.04676151,0.079250819,0.006110708,0.004468494,0,0,0,0
2020-12,EU,France,on,Receivables,All,0.058342576,0.035989404,0.082631414,0.027919781,0,0,0,0
2020-12,EU,France,on,LL,Shoes,0.078183703,0.004357889,0.050792136,0.022114935,0.005835067,0.024875988,0.004732192,0.027514226
2020-12,EU,France,on,LL,Apparel,0.043794081,0.082269521,0.013906095,0.049655517,0.020805862,0.049151653,0.067565163,0.018568304
2020-12,EU,France,on,LL,Devices,0.097961643,0.055523767,0.080874503,0.093516381,0.012328822,0.056721818,0.054526625,0.083059533
2020-12,EU,France,on,LL,Smart,0.082196008,0.030637829,0.087912235,0.039767663,0.016161771,0.04815025,0.091267165,0.071542467
2020-12,EU,France,off,GG,Shoes,0.055838308,0.079804392,0.040188703,0.070361907,0.062040908,0.053601376,0.098780944,0.036131735
2020-12,EU,France,off,GG,Apparel,0.060213182,0.089091389,0.046823697,0.007316033,0.011143185,0.077966515,0.077519906,0.068933791
2020-12,EU,France,off,II,Shoes,0.049688392,0.017814128,0.01637674,0.012589396,0.082413605,0.044301395,0.056500134,0.031518453
2020-12,EU,France,off,II,Apparel,0.056533376,0.058790826,0.043684758,0.069425121,0.037052791,0.034507475,0.071380725,0.077284526
2020-12,EU,Stockholm,on,Cash,All,0.091406407,0.018473729,0.061149665,0.055644492,0,0,0,0
2020-12,EU,Stockholm,on,Receivables,All,0.048141494,0.080571876,0.030563294,0.040308164,0,0,0,0
2020-12,EU,Stockholm,on,LL,Shoes,0.017637685,0.018735573,0.079500064,0.09181207,0.078958934,0.018462397,0.053878556,0.032547448
2020-12,EU,Stockholm,on,LL,Apparel,0.017722438,0.052468351,0.018907717,0.020864638,0.061937608,0.06662154,0.096915896,0.00442493
2020-12,EU,Stockholm,on,LL,Devices,0.084364533,0.030085726,0.042400692,0.074946028,0.051486197,0.061116477,0.032985328,0.047182123
2020-12,EU,Stockholm,on,LL,Smart,0.008452219,0.077944413,0.000717778,0.002472092,0.033099477,0.058958335,0.048507218,0.026587241
2020-12,EU,Stockholm,off,GG,Shoes,0.012728634,0.054763254,0.041963675,0.056103338,0.059595532,0.055391796,0.087954987,0.012113866
2020-12,EU,Stockholm,off,GG,Apparel,0.06918886,8.07E-05,0.038940952,0.052223261,0.02402555,0.080518303,0.068851727,0.00700697
2020-12,EU,Stockholm,off,II,Shoes,0.058937975,0.05551463,0.027990125,0.005090001,0.000360339,0.097790784,0.072660154,0.003962545
2020-12,EU,Stockholm,off,II,Apparel,0.050122657,0.014955041,8.67E-05,0.048748269,0.077192233,0.0391204,0.010060841,0.060199787
2021-03,EU,France,on,Cash,All,0.085376013,0.09975213,0.00154602,0.008501282,0,0,0,0
2021-03,EU,France,on,Receivables,All,0.086250734,0.075174708,0.073771965,0.000823012,0,0,0,0
2021-03,EU,France,on,LL,Shoes,0.099517303,0.016368408,0.038256903,0.000132914,0.074305614,0.038634028,0.05487397,0.025515474
2021-03,EU,France,on,LL,Apparel,0.031603318,0.042025704,0.032188859,0.002311485,0.083211982,0.07690602,0.079362545,0.062480063
2021-03,EU,France,on,LL,Devices,0.000545794,0.039029878,0.029152501,0.049179889,0.060872109,0.0513905,0.019660287,0.053251347
2021-03,EU,France,on,LL,Smart,0.025023839,0.027541862,0.097538738,0.054577387,0.011590899,0.096023716,0.024209422,0.088605779
2021-03,EU,France,off,GG,Shoes,0.031210111,0.078667944,0.017506267,0.026765722,0.016706683,0.070198306,0.021748203,0.059535196
2021-03,EU,France,off,GG,Apparel,0.011084908,0.081893339,0.058003566,0.000927626,0.088151245,0.080194871,0.045650371,0.06365519
2021-03,EU,France,off,II,Shoes,0.004136227,0.089229984,0.086598023,0.002322261,0.028638227,0.049584367,0.017490886,0.036630577
2021-03,EU,France,off,II,Apparel,0.006028366,0.008445584,0.003777811,0.096413529,0.090881848,0.006509973,0.060489699,0.008944527
2021-03,EU,Stockholm,on,Cash,All,0.075768915,0.000235987,0.039917899,0.084190972,0,0,0,0
2021-03,EU,Stockholm,on,Receivables,All,0.065592974,0.005204433,0.066774198,0.052980083,0,0,0,0
2021-03,EU,Stockholm,on,LL,Shoes,0.062534109,0.01908627,0.064594078,0.031816694,0.06590586,0.023534673,0.050181113,0.050935133
2021-03,EU,Stockholm,on,LL,Apparel,0.043160164,0.029604529,0.024289229,0.090862163,0.034260859,0.002812987,0.062221797,0.017399814
2021-03,EU,Stockholm,on,LL,Devices,0.084652609,0.035822382,0.073182971,0.092966406,0.082305205,0.071072201,0.025456081,0.040735347
2021-03,EU,Stockholm,on,LL,Smart,0.054525722,0.082199216,0.064859478,0.025188902,0.075882501,0.035185839,0.040356822,0.072757976
2021-03,EU,Stockholm,off,GG,Shoes,0.052853126,0.076188373,0.07439572,0.069711275,0.049306922,0.016122169,0.020375714,0.076733477
2021-03,EU,Stockholm,off,GG,Apparel,0.006646269,0.067757814,0.095016998,0.020455792,0.060499037,0.049948894,0.005574002,0.05887054
2021-03,EU,Stockholm,off,II,Shoes,0.021897152,0.098675121,0.000553443,0.088212556,0.010723693,0.034167278,0.06702701,0.057447591
2021-03,EU,Stockholm,off,II,Apparel,0.048138995,0.002412013,0.0825551,0.014016945,0.00587444,0.025110273,0.03770941,0.016524366
2021-06,EU,France,on,Cash,All,0.091585431,0.068465941,0.006884632,0.035024431,0,0,0,0
2021-06,EU,France,on,Receivables,All,0.099733884,0.076215661,0.051463765,0.081725289,0,0,0,0
2021-06,EU,France,on,LL,Shoes,0.097418006,0.029946169,0.073399302,0.026007114,0.072969763,0.012562522,0.001204071,0.042360324
2021-06,EU,France,on,LL,Apparel,0.095412057,0.00160984,0.006630131,0.046624032,0.07249749,0.059073459,0.014168284,0.032275172
2021-06,EU,France,on,LL,Devices,0.031291478,0.032748737,0.086519685,0.02165383,0.076747323,0.033053833,0.089541463,0.064058525
2021-06,EU,France,on,LL,Smart,0.000491182,0.095628452,0.005654794,0.04207091,0.025161205,0.027420729,0.07289736,0.014259866
2021-06,EU,France,off,GG,Shoes,0.017243158,0.005351695,0.093369397,0.046445414,0.005978632,0.022493702,0.041261783,7.93E-06
2021-06,EU,France,off,GG,Apparel,0.004910816,0.055013989,0.067202729,0.086308294,0.061383714,0.072008507,0.006667838,0.087304085
2021-06,EU,France,off,II,Shoes,0.002924988,0.042074199,0.02905747,0.038228731,0.057642313,0.01328231,0.015866311,0.069881736
2021-06,EU,France,off,II,Apparel,0.061947992,0.090737103,0.042144076,0.074142633,0.087712702,0.021496438,0.051027579,0.020072623
2021-06,EU,Stockholm,on,Cash,All,0.065220281,0.001822414,0.031122168,0.050561435,0,0,0,0
2021-06,EU,Stockholm,on,Receivables,All,0.006330215,0.055888788,0.070360985,0.021398351,0,0,0,0
2021-06,EU,Stockholm,on,LL,Shoes,0.07069014,0.032552289,0.064352963,0.047476217,0.05455172,0.023771685,0.031580868,0.071607742
2021-06,EU,Stockholm,on,LL,Apparel,0.06569516,0.074403694,0.027866028,0.088827218,0.051606163,0.097255601,0.074941712,0.094768516
2021-06,EU,Stockholm,on,LL,Devices,0.033069335,0.095659435,0.049913397,0.020985119,0.079342129,0.055022828,0.083577096,0.022737069
2021-06,EU,Stockholm,on,LL,Smart,0.032350796,0.003231469,0.004184807,0.001489206,0.026746498,0.004852268,0.073637462,0.082620455
2021-06,EU,Stockholm,off,GG,Shoes,0.07891235,0.035353092,0.069198636,0.075579927,0.096083839,0.020557667,0.0169497,0.050886251
2021-06,EU,Stockholm,off,GG,Apparel,0.040150859,0.027072065,0.04042044,0.072382968,0.043910941,0.048703165,0.040738288,0.096785488
2021-06,EU,Stockholm,off,II,Shoes,0.09730269,0.02809827,0.013581871,0.034970581,0.056657266,0.007282612,0.055982578,0.021738081
2021-06,EU,Stockholm,off,II,Apparel,0.093062633,0.084765451,0.063630877,0.005769971,0.074377926,0.09066332,0.036645363,0.005539799
2021-09,EU,France,on,Cash,All,0.047836108,0.036806381,0.054038016,0.036381949,0,0,0,0
2021-09,EU,France,on,Receivables,All,0.097454934,0.093073858,0.035584164,0.031261417,0,0,0,0
2021-09,EU,France,on,LL,Shoes,0.035824754,0.094688225,0.08995212,0.054855544,0.069054864,0.029793804,0.054815973,0.026062867
2021-09,EU,France,on,LL,Apparel,0.018854405,0.013565857,0.076774451,0.088419915,0.040143808,0.01195675,0.067333537,0.001946562
2021-09,EU,France,on,LL,Devices,0.074255504,0.051547376,0.020791115,0.004521866,0.004697876,0.035214884,0.028117588,0.081356694
2021-09,EU,France,on,LL,Smart,0.045624466,0.04382463,0.069279753,0.095718701,0.085293568,0.00432614,0.068198203,0.00926257
2021-09,EU,France,off,GG,Shoes,0.065788393,0.058218941,0.023002412,0.052474355,0.031203808,0.084997796,0.055351009,0.021795311
2021-09,EU,France,off,GG,Apparel,0.022527114,0.017408304,0.095712129,0.085571425,0.068351616,0.03014474,0.00125247,0.047713638
2021-09,EU,France,off,II,Shoes,0.050373969,0.079668668,0.083433371,0.050579493,0.080329367,0.026031176,0.072907757,0.062695409
2021-09,EU,France,off,II,Apparel,0.032267737,0.099371489,0.088617894,0.050990404,0.042152684,0.082597393,0.052288496,0.027240847
2021-09,EU,Stockholm,on,Cash,All,0.048063632,0.070177888,0.083638502,0.073724109,0,0,0,0
2021-09,EU,Stockholm,on,Receivables,All,0.043946648,0.069744955,0.006408712,0.041091315,0,0,0,0
2021-09,EU,Stockholm,on,LL,Shoes,0.038673746,0.034042798,0.045825344,0.002663691,0.056890551,0.054455066,0.053009504,0.011450436
2021-09,EU,Stockholm,on,LL,Apparel,0.065426281,0.09658048,0.093779424,0.027901454,0.094494839,0.086076686,0.034456157,0.081753398
2021-09,EU,Stockholm,on,LL,Devices,0.070081529,0.087258065,0.032596442,0.028542418,0.010707962,0.049467207,0.04619764,0.035518065
2021-09,EU,Stockholm,on,LL,Smart,0.075117244,0.05731447,0.00412663,0.024040661,0.007107201,0.09583682,0.03076445,0.005485552
2021-09,EU,Stockholm,off,GG,Shoes,0.006519613,0.001671474,0.056927943,0.010361083,0.007205581,0.031074961,0.056094934,0.073833303
2021-09,EU,Stockholm,off,GG,Apparel,0.044767774,0.014846635,0.02142032,0.014336638,0.037644685,0.03170288,0.092501681,0.090752684
2021-09,EU,Stockholm,off,II,Shoes,0.088306921,0.015325062,0.028779724,0.051058655,0.01384278,0.048645383,0.087990271,0.063132104
2021-09,EU,Stockholm,off,II,Apparel,0.07164728,0.037272321,0.01513079,0.0899329,0.020153103,0.019660231,0.068839281,0.013057256
2021-12,EU,France,on,Cash,All,0.054173344,0.00734244,0.070541773,0.03202342,0,0,0,0
2021-12,EU,France,on,Receivables,All,0.049484638,0.078720116,0.002471471,0.013192869,0,0,0,0
2021-12,EU,France,on,LL,Shoes,0.022359395,0.059893984,0.02955345,0.017853738,0.074065059,0.016172121,0.029442293,0.024591211
2021-12,EU,France,on,LL,Apparel,0.090315262,0.026014128,0.056094133,0.013249682,0.072240373,0.096931712,0.007213358,0.00987365
2021-12,EU,France,on,LL,Devices,0.017952956,0.047285791,0.010014632,0.048349969,0.071044314,0.038709421,0.012954052,0.034117596
2021-12,EU,France,on,LL,Smart,0.037612008,0.024523522,0.060472469,0.099632495,0.048139192,0.003663643,0.076467832,0.063225893
2021-12,EU,France,off,GG,Shoes,0.031067118,0.004802726,0.057271773,0.061672338,0.054419788,0.052543978,0.076846852,0.094154472
2021-12,EU,France,off,GG,Apparel,0.055573261,0.06221759,0.063528517,0.050486784,0.039975295,0.079050075,0.063450171,0.057150392
2021-12,EU,France,off,II,Shoes,0.036257226,0.055822408,0.072757284,0.004620582,0.002131264,0.090964846,0.061508623,0.002053075
2021-12,EU,France,off,II,Apparel,0.052254343,0.082248994,0.006501192,0.019343569,0.041270281,0.033523627,0.09924223,0.052259004
2021-12,EU,Stockholm,on,Cash,All,0.044250225,0.00761371,0.06087881,0.081670289,0,0,0,0
2021-12,EU,Stockholm,on,Receivables,All,0.083791016,0.048856687,0.084205821,0.05325976,0,0,0,0
2021-12,EU,Stockholm,on,LL,Shoes,0.090406321,0.070177975,0.035798258,0.046454408,0.085414823,0.022829221,0.003548389,0.032726318
2021-12,EU,Stockholm,on,LL,Apparel,0.024490706,0.064812245,0.009492143,0.019602629,0.040412618,0.019304536,0.066096482,0.068764813
2021-12,EU,Stockholm,on,LL,Devices,0.067274493,0.014810239,0.028836051,0.016373305,0.04043534,0.096935059,0.0256176,0.010717887
2021-12,EU,Stockholm,on,LL,Smart,0.005009841,0.051983221,0.008648504,0.037643631,0.084875624,0.024359228,0.063587672,0.010030303
2021-12,EU,Stockholm,off,GG,Shoes,0.072827427,0.034580979,0.074592711,0.028628157,0.028227677,0.047538498,0.060191293,0.005104349
2021-12,EU,Stockholm,off,GG,Apparel,0.00785141,0.029656205,0.048157775,0.015194141,0.034998079,0.073290976,0.059753784,0.011889317
2021-12,EU,Stockholm,off,II,Shoes,0.061560996,0.052311569,0.026549882,0.057729879,0.055000294,0.050917843,0.033368047,0.066524647
2021-12,EU,Stockholm,off,II,Apparel,0.000999272,0.029289146,0.028362957,0.071019214,0.099585003,0.037485002,0.081606086,0.046158707
2022-03,EU,France,on,Cash,All,0.03029386,0.010015504,0.029561053,0.028623299,0,0,0,0
2022-03,EU,France,on,Receivables,All,0.075750588,0.057266434,0.063059405,0.000628992,0,0,0,0
2022-03,EU,France,on,LL,Shoes,0.040594929,0.076540939,0.026668609,0.030825107,0.033822912,0.026068559,0.030469921,0.04895569
2022-03,EU,France,on,LL,Apparel,0.057451161,0.052854918,0.095792736,0.06456842,0.026028856,0.023907123,0.001797142,0.080827522
2022-03,EU,France,on,LL,Devices,0.099782641,0.072172086,0.021298782,0.006795043,0.049932395,0.00396541,0.062394265,0.047078467
2022-03,EU,France,on,LL,Smart,0.028628856,0.03065058,0.027532996,0.073213896,0.095529766,0.048307042,0.090080513,0.054930622
2022-03,EU,France,off,GG,Shoes,0.069594778,0.002628036,0.053012895,0.022659787,0.052542359,0.054945643,0.052245773,0.087090904
2022-03,EU,France,off,GG,Apparel,0.069631379,0.09169264,0.003636555,0.011562439,0.034023611,0.022751044,0.08019699,0.070253926
2022-03,EU,France,off,II,Shoes,0.007939973,0.027004232,0.06071837,0.09172015,0.062458777,0.020273953,0.078457921,0.064337772
2022-03,EU,France,off,II,Apparel,0.051851481,0.063101496,0.020241088,0.057788278,0.022141333,0.064722184,0.026938512,0.065323727
2022-03,EU,Stockholm,on,Cash,All,0.050986179,0.085068233,0.081539127,0.092489466,0,0,0,0
2022-03,EU,Stockholm,on,Receivables,All,0.009456943,0.045241617,0.013092066,0.090727538,0,0,0,0
2022-03,EU,Stockholm,on,LL,Shoes,0.06925564,0.008289378,0.05070619,0.099701852,0.054893536,0.011790258,0.03325699,0.069929279
2022-03,EU,Stockholm,on,LL,Apparel,0.076320876,0.09924699,0.030666426,0.050881163,0.089954703,0.051277605,0.051645667,0.099666801
2022-03,EU,Stockholm,on,LL,Devices,0.024001344,0.078705584,0.032711686,0.034832864,0.062256169,0.028917282,0.077221398,0.081144181
2022-03,EU,Stockholm,on,LL,Smart,0.074735581,0.009145581,0.019564616,0.07931524,0.06048298,0.095293543,0.068388159,0.063397351
2022-03,EU,Stockholm,off,GG,Shoes,0.090382826,0.023685055,0.033407845,0.050210675,0.075367414,0.095180702,0.015940552,0.010303228
2022-03,EU,Stockholm,off,GG,Apparel,0.036854261,0.036464635,0.081658311,0.005250415,0.037106937,0.003554558,0.090115702,0.057113298
2022-03,EU,Stockholm,off,II,Shoes,0.025092014,0.033653014,0.024909302,0.088995926,0.06776115,0.046995708,0.053957355,0.02780163
2022-03,EU,Stockholm,off,II,Apparel,0.01708051,0.096680535,0.080360695,0.00371072,0.083706185,0.082123611,0.036468676,0.062280392
2022-06,EU,France,on,Cash,All,0.005007296,0.026477951,0.023212296,0.087691939,0,0,0,0
2022-06,EU,France,on,Receivables,All,0.081793876,0.069383321,0.074480929,0.024037,0,0,0,0
2022-06,EU,France,on,LL,Shoes,0.09488277,0.096540218,0.025895713,0.014692932,0.057368892,0.014968889,0.087389773,0.028996161
2022-06,EU,France,on,LL,Apparel,0.056411089,0.022653668,0.072867071,0.028144192,0.018523412,0.032143563,0.053142367,0.033777328
2022-06,EU,France,on,LL,Devices,0.027947061,0.068589463,0.079139128,0.084175211,0.097692127,0.039178412,0.094440025,0.021260057
2022-06,EU,France,on,LL,Smart,0.043116399,0.048035813,0.076619359,0.060225479,0.083357329,0.048370004,0.080102947,0.09430593
2022-06,EU,France,off,GG,Shoes,0.080415489,0.049202599,0.091564783,0.025837758,0.059127744,0.008069314,0.000840594,0.077562195
2022-06,EU,France,off,GG,Apparel,0.096592386,0.005221519,0.07550706,0.026185952,0.055902454,0.026328922,0.09346717,0.028938526
2022-06,EU,France,off,II,Shoes,0.082897065,0.094340053,0.085071068,0.096199715,0.019823817,0.052513008,0.001856664,0.075477488
2022-06,EU,France,off,II,Apparel,0.02311056,0.033147253,0.001303235,0.067043215,0.008212645,0.003429376,0.093301468,0.010886217
2022-06,EU,Stockholm,on,Cash,All,0.017454617,0.005464274,0.079719486,0.096606528,0,0,0,0
2022-06,EU,Stockholm,on,Receivables,All,0.036025335,0.028673675,0.093836475,0.073011541,0,0,0,0
2022-06,EU,Stockholm,on,LL,Shoes,0.009837212,0.047707091,0.092595114,0.091018052,0.006425863,0.04437693,0.08732508,0.015243174
2022-06,EU,Stockholm,on,LL,Apparel,0.052478382,0.097274685,0.000539174,0.009253778,0.0959424,0.005072622,0.083177474,0.018541303
2022-06,EU,Stockholm,on,LL,Devices,0.087649863,0.050747096,0.093933014,0.049850631,0.022786621,0.073049535,0.097326743,0.022878652
2022-06,EU,Stockholm,on,LL,Smart,0.016286325,0.098683941,0.053550471,0.099672414,0.003046878,0.087387038,0.06185319,0.043709363
2022-06,EU,Stockholm,off,GG,Shoes,0.077461539,0.073269183,0.033581276,0.086876019,0.059083118,0.075407827,0.010963442,0.017297149
2022-06,EU,Stockholm,off,GG,Apparel,0.065516402,0.098954457,0.057586576,0.092583977,0.030210043,0.099227077,0.021324943,0.094885561
2022-06,EU,Stockholm,off,II,Shoes,0.074987067,0.093918161,0.065209858,0.061113886,0.029084837,0.045647359,0.095066415,0.07677957
2022-06,EU,Stockholm,off,II,Apparel,0.069374056,0.080045041,0.003203776,0.055357839,0.090757174,0.006189426,0.076939603,0.074471447
2022-09,EU,France,on,Cash,All,0.01986495,0.042367764,0.079835136,0.048299038,0,0,0,0
2022-09,EU,France,on,Receivables,All,0.050492235,0.010379008,0.010177157,0.009387292,0,0,0,0
2022-09,EU,France,on,LL,Shoes,0.092126676,0.051609231,0.014045694,0.032874538,0.060869321,0.049025913,0.048018453,0.065116711
2022-09,EU,France,on,LL,Apparel,0.081248953,0.02771755,0.011024765,0.006577439,0.043947777,0.05394187,0.061376597,0.048973374
2022-09,EU,France,on,LL,Devices,0.012038125,0.095432323,0.017709568,0.082481845,0.010084852,0.092978839,0.029661006,0.059069058
2022-09,EU,France,on,LL,Smart,0.048877759,0.03865311,0.076768355,0.046147036,0.075881155,0.094119522,0.025504611,0.088126551
2022-09,EU,France,off,GG,Shoes,0.079949283,0.049873652,0.035053662,0.048239366,0.084261633,0.045263438,0.064497641,0.074617252
2022-09,EU,France,off,GG,Apparel,0.047171337,0.006748608,0.030723212,0.013166979,0.036211418,0.013897191,0.020195707,0.023329304
2022-09,EU,France,off,II,Shoes,0.011058551,0.047439131,0.099650887,0.017711046,0.027800538,0.095749846,0.00708026,0.047650883
2022-09,EU,France,off,II,Apparel,0.094160587,0.008788277,0.074081133,0.069063199,0.068093933,0.063408307,0.012055734,0.049825852
2022-09,EU,Stockholm,on,Cash,All,0.019236025,0.003199022,0.052827358,0.052246551,0,0,0,0
2022-09,EU,Stockholm,on,Receivables,All,0.063253385,0.092206223,0.047331942,0.05303711,0,0,0,0
2022-09,EU,Stockholm,on,LL,Shoes,0.006627574,0.048315205,0.046374518,0.014561431,0.043489403,0.001265662,0.056616664,0.097850102
2022-09,EU,Stockholm,on,LL,Apparel,0.010227634,0.024444587,0.011206691,0.025204319,0.080327127,0.0425503,0.095626336,0.056844068
2022-09,EU,Stockholm,on,LL,Devices,0.095122235,0.022864581,0.076547284,0.021637951,0.062402507,0.065037541,0.079347605,0.087934542
2022-09,EU,Stockholm,on,LL,Smart,0.046206318,0.08670965,0.069961231,0.029689067,0.079191257,0.000157768,0.043270319,0.063916908
2022-09,EU,Stockholm,off,GG,Shoes,0.071023939,0.053013476,0.058643755,0.047661454,0.059921031,0.079783814,0.028779013,0.035976382
2022-09,EU,Stockholm,off,GG,Apparel,0.018183838,0.085799555,0.064277384,0.062834323,0.057449642,0.013508036,0.011500426,0.038925381
2022-09,EU,Stockholm,off,II,Shoes,0.007617474,0.095977992,0.03175656,0.066998973,0.014752289,0.008095474,0.034249527,0.08222928
2022-09,EU,Stockholm,off,II,Apparel,0.088332386,0.09035081,0.013512392,0.026320995,0.041804358,0.089717724,0.016454611,0.033812466
2022-12,EU,France,on,Cash,All,0.055993822,0.026783745,0.042461979,0.063941505,0,0,0,0
2022-12,EU,France,on,Receivables,All,0.029161501,0.030452692,0.008551551,0.031481883,0,0,0,0
2022-12,EU,France,on,LL,Shoes,0.089958202,0.051460134,0.064404004,0.05500763,0.029698692,0.06337379,0.078551235,0.023777417
2022-12,EU,France,on,LL,Apparel,0.075129162,0.025624277,0.063393218,0.033874978,0.00597749,0.060704608,0.08171116,0.020748234
2022-12,EU,France,on,LL,Devices,0.053783162,0.09695728,0.037515433,0.020582438,0.023407737,0.096176164,0.091435188,0.011229662
2022-12,EU,France,on,LL,Smart,0.083085934,0.024356221,0.016062142,0.090144569,0.09375031,0.045350147,0.025777833,0.004451712
2022-12,EU,France,off,GG,Shoes,0.055220295,0.009015328,0.021105574,0.08521722,0.096730548,0.034861958,0.08538394,0.084435851
2022-12,EU,France,off,GG,Apparel,0.003672037,0.01123953,0.04228141,0.072253862,0.091119308,0.034792201,0.060282661,0.004807744
2022-12,EU,France,off,II,Shoes,0.033044519,0.013036798,0.029565294,0.076472568,0.099951677,0.093672634,0.061351378,0.058649339
2022-12,EU,France,off,II,Apparel,0.04480232,0.001774193,0.001195107,0.076018305,0.011959098,0.075910969,0.020444984,0.099636533
2022-12,EU,Stockholm,on,Cash,All,0.093477673,0.010195509,0.075359031,0.060906208,0,0,0,0
2022-12,EU,Stockholm,on,Receivables,All,0.063995295,0.051876605,0.070588137,0.022480514,0,0,0,0
2022-12,EU,Stockholm,on,LL,Shoes,0.019351265,0.022292751,0.034753901,0.048628762,0.074663828,0.03311724,0.038569399,0.075787455
2022-12,EU,Stockholm,on,LL,Apparel,0.018983938,0.024014733,0.071860553,0.034156217,0.083346852,0.027335476,0.028520882,0.060239062
2022-12,EU,Stockholm,on,LL,Devices,0.000566421,0.017986927,0.048423943,0.076182088,0.068127273,0.006639623,0.00389277,0.035790821
2022-12,EU,Stockholm,on,LL,Smart,0.086972414,0.097796968,0.005470751,0.023045837,0.020306076,0.087630825,0.048823646,0.076135466
2022-12,EU,Stockholm,off,GG,Shoes,0.070669787,0.078354314,0.015761037,0.093186354,0.090451756,0.028229376,0.036477712,0.048792539
2022-12,EU,Stockholm,off,GG,Apparel,0.006618929,0.090039319,0.056253491,0.05727739,0.034071753,0.04639198,0.012652602,0.047380163
2022-12,EU,Stockholm,off,II,Shoes,0.053754303,0.086580562,0.095141111,0.096991205,0.040951398,0.098075821,0.068071377,0.0948362
2022-12,EU,Stockholm,off,II,Apparel,0.02399793,0.09118076,0.069518505,0.03081627,0.09773463,0.031487533,0.091268228,0.009111369
2023-03,EU,France,on,Cash,All,0.094901979,0.095410685,0.063835899,0.036282897,0,0,0,0
2023-03,EU,France,on,Receivables,All,0.062641687,0.089960803,0.033918091,0.016563496,0,0,0,0
2023-03,EU,France,on,LL,Shoes,0.029064888,0.04293985,0.026829722,0.036405522,0.036188079,0.037463621,0.001174938,0.065724942
2023-03,EU,France,on,LL,Apparel,0.059172347,0.071518418,0.01400875,0.067859212,0.05558238,0.038707169,0.059539333,0.085438499
2023-03,EU,France,on,LL,Devices,0.095459148,0.058067693,0.059270499,0.047937319,0.010535143,0.016435858,0.079382252,0.007274644
2023-03,EU,France,on,LL,Smart,0.096110691,0.006116526,0.09124663,0.080936767,0.09854189,0.070885231,0.087761002,0.016295911
2023-03,EU,France,off,GG,Shoes,0.089815738,0.052455824,0.058771345,0.025765963,0.055563995,0.065170699,0.008840053,0.057286106
2023-03,EU,France,off,GG,Apparel,0.058382349,0.014493401,0.003414407,0.073344373,0.017855843,0.096041978,0.029274194,0.040642448
2023-03,EU,France,off,II,Shoes,0.069661392,0.033982757,0.063734305,0.054873098,0.084075017,0.071904347,0.054052516,0.032420839
2023-03,EU,France,off,II,Apparel,0.010263816,0.020287513,0.022419301,0.069400061,0.08031348,0.031797573,0.099515521,0.048132953
2023-03,EU,Stockholm,on,Cash,All,0.093654154,0.060089864,0.064889278,0.025512639,0,0,0,0
2023-03,EU,Stockholm,on,Receivables,All,0.048818578,0.09799511,0.054879102,0.077375841,0,0,0,0
2023-03,EU,Stockholm,on,LL,Shoes,0.052643501,0.069525872,0.015605587,0.071919851,0.079151113,0.04353893,0.081379234,0.065813483
2023-03,EU,Stockholm,on,LL,Apparel,0.050429511,0.007908941,0.000898338,0.056914045,0.004533441,0.082506362,0.022949367,0.000435983
2023-03,EU,Stockholm,on,LL,Devices,0.069072719,0.095252213,0.083817667,0.022340825,0.004536471,0.025374755,0.034000287,0.068686746
2023-03,EU,Stockholm,on,LL,Smart,0.007606798,0.00707827,0.055714572,0.061922409,0.059900669,0.09597878,0.039810371,0.09250676
2023-03,EU,Stockholm,off,GG,Shoes,0.032499469,0.072706906,0.047095406,0.090825269,0.020785023,0.010866497,0.023639449,0.064294612
2023-03,EU,Stockholm,off,GG,Apparel,0.06884383,0.043771511,0.052615167,0.021722517,0.069303233,0.094275631,0.052031938,0.06502234
2023-03,EU,Stockholm,off,II,Shoes,0.035519851,0.054517298,0.020778457,0.054023165,0.045404644,0.088467939,0.033670356,0.016649206
2023-03,EU,Stockholm,off,II,Apparel,0.061884198,0.08839105,0.048545481,0.001229392,0.050123053,0.052909513,0.029941479,0.062820538
2023-06,EU,France,on,Cash,All,0.029279591,0.004060684,0.084301847,0.072111314,0,0,0,0
2023-06,EU,France,on,Receivables,All,0.046652287,0.064162375,0.04319831,0.043746039,0,0,0,0
2023-06,EU,France,on,LL,Shoes,0.073089424,0.001932317,0.08297947,0.028070155,0.05529838,0.081872921,0.032179944,0.080506637
2023-06,EU,France,on,LL,Apparel,0.081088689,0.072138867,0.058004039,0.098016751,0.054742643,0.041250834,0.063641312,0.035344078
2023-06,EU,France,on,LL,Devices,0.067171419,0.037866986,0.005330428,0.086927144,0.076832769,0.031802012,0.09993255,0.08904253
2023-06,EU,France,on,LL,Smart,0.053233288,0.009002547,0.016490262,0.002839012,0.033328701,0.043080056,0.067154098,0.003813752
2023-06,EU,France,off,GG,Shoes,0.059978438,0.067615749,0.061252851,0.084703283,0.066761486,0.075500046,0.056334931,0.022407678
2023-06,EU,France,off,GG,Apparel,0.078003623,0.048816516,0.071145541,0.073436653,0.031190729,0.000564978,0.004788157,0.021243667
2023-06,EU,France,off,II,Shoes,0.003097,0.043949923,0.085728989,0.004065959,0.032328784,0.046992081,0.07689862,0.070008379
2023-06,EU,France,off,II,Apparel,0.012966044,0.073232114,0.063804291,0.005991,0.060075227,0.084964028,0.04319001,0.068763875
2023-06,EU,Stockholm,on,Cash,All,0.035492634,0.049633082,0.065875215,0.044647093,0,0,0,0
2023-06,EU,Stockholm,on,Receivables,All,0.030927124,0.095722811,0.054279483,0.005804024,0,0,0,0
2023-06,EU,Stockholm,on,LL,Shoes,0.055912004,0.087071542,0.043540855,0.026746798,0.050935112,0.057048159,0.057775608,0.0498827
2023-06,EU,Stockholm,on,LL,Apparel,0.051080283,0.052689063,0.000460152,0.091186436,0.00296266,0.04271491,0.037059975,0.040739856
2023-06,EU,Stockholm,on,LL,Devices,0.046054279,0.058647499,0.009953696,0.037250231,0.094381457,0.0334793,0.070403572,0.059728848
2023-06,EU,Stockholm,on,LL,Smart,0.015512084,0.000546334,0.004433792,0.019092394,0.022352737,0.072013572,0.016609813,0.003778759
2023-06,EU,Stockholm,off,GG,Shoes,0.036392516,0.062259653,0.003720677,0.049504476,0.033528109,0.091728965,0.02454666,0.073934842
2023-06,EU,Stockholm,off,GG,Apparel,0.098605597,0.076169363,0.097164685,0.008608389,0.038557134,0.043421762,0.023292596,0.072779989
2023-06,EU,Stockholm,off,II,Shoes,0.053206114,0.078720741,0.039630255,0.015953681,0.014285848,0.043001684,0.071093847,0.077660903
2023-06,EU,Stockholm,off,II,Apparel,0.075457563,0.016391416,0.042592681,0.038632927,0.04048186,0.067180627,0.040779012,0.027853169
2023-09,EU,France,on,Cash,All,0.073815192,0.075522316,0.000525864,0.063447076,0,0,0,0
2023-09,EU,France,on,Receivables,All,0.021261524,0.00932105,0.011846009,0.057555326,0,0,0,0
2023-09,EU,France,on,LL,Shoes,0.019596057,0.01458981,0.087468806,0.008939802,0.06570015,0.046576046,0.079772049,0.013872755
2023-09,EU,France,on,LL,Apparel,0.034532486,0.08141502,0.056388236,0.060853704,0.004124378,0.035839536,0.094499052,0.012089081
2023-09,EU,France,on,LL,Devices,0.098069083,0.099039862,0.090662327,0.091469279,0.083358933,0.020293205,0.019080129,0.050892916
2023-09,EU,France,on,LL,Smart,0.040814536,0.0792903,0.00979045,0.009767191,0.0141566,0.045337568,0.067536642,0.045055596
2023-09,EU,France,off,GG,Shoes,0.054512667,0.017081086,0.026211558,0.049877117,0.00506366,0.099319717,0.015172928,0.066318468
2023-09,EU,France,off,GG,Apparel,0.051889444,0.040192745,0.097936813,0.020712996,0.022756836,0.09532133,0.077134868,0.06077224
2023-09,EU,France,off,II,Shoes,0.03910339,0.043619355,0.03589795,0.059841928,0.052745647,0.06235625,0.092349775,0.000113234
2023-09,EU,France,off,II,Apparel,0.014428908,0.045319276,0.00328122,0.080354435,0.073759899,0.067458434,0.014332014,0.05654048
2023-09,EU,Stockholm,on,Cash,All,0.005106942,0.008048945,0.066084794,0.040999842,0,0,0,0
2023-09,EU,Stockholm,on,Receivables,All,0.067883158,0.098794936,0.021845696,4.39E-05,0,0,0,0
2023-09,EU,Stockholm,on,LL,Shoes,0.044131989,0.075169955,0.014797434,0.05812705,0.025665564,0.047968225,0.098202528,0.017851431
2023-09,EU,Stockholm,on,LL,Apparel,0.031592497,0.094786481,0.026191465,0.072565429,0.096973695,0.099679836,0.082670777,0.014215046
2023-09,EU,Stockholm,on,LL,Devices,0.080755603,0.015183771,0.089355492,0.076048382,0.063469154,0.032362116,0.044455272,0.055930851
2023-09,EU,Stockholm,on,LL,Smart,0.006635564,0.052854754,0.091860203,0.059068985,0.015083563,0.095532548,0.00617439,0.074270059
2023-09,EU,Stockholm,off,GG,Shoes,0.005427146,0.04873448,0.082553524,0.001536915,0.041722313,0.062051474,0.078353377,0.078766795
2023-09,EU,Stockholm,off,GG,Apparel,0.07704047,0.019124439,0.02404182,0.033094458,0.056279544,0.098474078,0.061685049,0.06376105
2023-09,EU,Stockholm,off,II,Shoes,0.070574666,0.008537055,0.013777427,0.061660367,0.056508951,0.040931037,0.011310117,0.029544403
2023-09,EU,Stockholm,off,II,Apparel,0.070713986,0.083421848,0.077683883,0.08898248,0.060473159,0.094580016,0.084899493,0.02112539
2023-12,EU,France,on,Cash,All,0.003697681,0.014901021,0.071273742,0.014141231,0,0,0,0
2023-12,EU,France,on,Receivables,All,0.04587251,0.007361538,0.080087946,0.083197145,0,0,0,0
2023-12,EU,France,on,LL,Shoes,0.024214877,0.038931928,0.038259449,0.093032752,0.021819571,0.069593274,0.080761844,0.097912925
2023-12,EU,France,on,LL,Apparel,0.064519119,0.01966893,0.063950739,0.009593667,0.040741537,0.042827358,0.046325031,0.071059083
2023-12,EU,France,on,LL,Devices,0.048995753,0.093048376,0.025940894,0.056543222,0.044131082,0.059577558,0.037119075,0.099645869
2023-12,EU,France,on,LL,Smart,0.067127394,0.031319557,0.003856307,0.071655787,0.085036051,0.018110308,0.073601896,0.047243758
2023-12,EU,France,off,GG,Shoes,0.067726102,0.077171185,0.045685593,0.079851214,0.093999256,0.013192375,0.01321232,0.039926824
2023-12,EU,France,off,GG,Apparel,0.046056824,0.009764099,0.006046381,0.098396623,0.041698591,0.02148597,0.04245415,0.030698639
2023-12,EU,France,off,II,Shoes,0.097064481,0.020751432,0.074109056,0.099907894,0.069579519,0.043658629,0.01776969,0.047232983
2023-12,EU,France,off,II,Apparel,0.062187935,0.051271913,0.02771828,0.078807449,0.088817523,0.086323152,0.084132469,0.001574158
2023-12,EU,Stockholm,on,Cash,All,0.008304359,0.044854362,0.076211535,0.033316168,0,0,0,0
2023-12,EU,Stockholm,on,Receivables,All,0.05636078,0.080243673,0.05730789,0.075191989,0,0,0,0
2023-12,EU,Stockholm,on,LL,Shoes,0.053172223,0.009921242,0.069481991,0.069586991,0.050506467,0.096696114,0.02728828,0.025046874
2023-12,EU,Stockholm,on,LL,Apparel,0.034142132,0.059912565,0.008364424,0.040729014,0.00327803,0.054636919,0.03384308,0.034466623
2023-12,EU,Stockholm,on,LL,Devices,0.050180128,0.098139946,0.009969362,0.066049257,0.040596887,0.099781548,0.016958112,0.028234328
2023-12,EU,Stockholm,on,LL,Smart,0.074682305,0.028808545,0.076221672,0.032478302,0.076536656,0.028727242,0.076126465,0.087324317
2023-12,EU,Stockholm,off,GG,Shoes,0.095447342,0.054703191,0.092497319,0.018188781,0.012901033,0.075197968,0.048672937,0.067256514
2023-12,EU,Stockholm,off,GG,Apparel,0.008722388,0.077269889,0.060858969,0.075022676,0.072821574,0.043168385,0.09885814,0.007048516
2023-12,EU,Stockholm,off,II,Shoes,0.009383704,0.016109724,0.051678567,0.057058359,0.063851515,0.084339317,0.048904343,0.028287939
2023-12,EU,Stockholm,off,II,Apparel,0.068076602,0.074765669,0.043208745,0.052489988,0.011353061,0.01935126,0.088849607,0.009600339
2024-03,EU,France,on,Cash,All,0.003068131,0.026943983,0.086647781,0.098245232,0,0,0,0
2024-03,EU,France,on,Receivables,All,0.069322548,0.049601718,0.085725958,0.042224443,0,0,0,0
2024-03,EU,France,on,LL,Shoes,0.04047805,0.055035666,0.000640095,0.082370563,0.014606359,0.002604213,0.056281058,0.011559448
2024-03,EU,France,on,LL,Apparel,0.062060436,0.052376806,0.084135026,0.032141536,0.077574247,0.004390988,0.068905584,0.067667656
2024-03,EU,France,on,LL,Devices,0.088952136,0.012793308,0.041970479,0.041788376,0.019119031,0.017413988,0.026060215,0.0885345
2024-03,EU,France,on,LL,Smart,0.050924852,0.010312588,0.091090542,0.056889499,0.068895017,0.045083152,0.078344776,0.02317519
2024-03,EU,France,off,GG,Shoes,0.035354941,0.051552789,0.022112568,0.089095818,0.0575478,0.034611097,0.053190972,0.023529832
2024-03,EU,France,off,GG,Apparel,0.024463618,0.073789396,0.017440568,0.098021036,0.045485446,0.077884564,0.067998647,0.082977896
2024-03,EU,France,off,II,Shoes,0.075438378,0.076284474,0.029294216,0.018721859,0.057218551,0.050338778,0.082552995,0.09165643
2024-03,EU,France,off,II,Apparel,0.056694592,0.021788549,0.083238003,0.044697439,0.01193338,0.001971892,0.044439376,0.031160072
2024-03,EU,Stockholm,on,Cash,All,0.03508884,0.075657108,0.057402128,0.050426341,0,0,0,0
2024-03,EU,Stockholm,on,Receivables,All,0.033734976,0.070783958,0.073391764,0.024742578,0,0,0,0
2024-03,EU,Stockholm,on,LL,Shoes,0.075932708,0.023267236,0.009100345,0.06885381,0.032932764,0.048945979,0.085526174,0.049182075
2024-03,EU,Stockholm,on,LL,Apparel,0.091720044,0.004235329,0.014438398,0.059773008,0.052907124,0.05983276,0.018007308,0.032684097
2024-03,EU,Stockholm,on,LL,Devices,0.006901168,0.08807946,0.044753315,0.04731222,0.02743939,0.032721824,0.098543983,0.039390188
2024-03,EU,Stockholm,on,LL,Smart,0.053186492,0.05402385,0.010530661,0.05188039,0.06315034,0.085591898,0.07363813,0.004299539
2024-03,EU,Stockholm,off,GG,Shoes,0.048757204,0.038166355,0.008421355,0.057686557,0.030649283,0.05131458,0.099521856,0.060023713
2024-03,EU,Stockholm,off,GG,Apparel,0.037317032,0.084188677,0.012046853,0.002343138,0.051876576,0.013912385,0.032389561,0.04952553
2024-03,EU,Stockholm,off,II,Shoes,0.020799598,0.004427402,0.00974201,0.022536571,0.064088767,0.014486926,0.077757746,0.036006904
2024-03,EU,Stockholm,off,II,Apparel,0.023976856,0.00466765,0.00301779,0.083440569,0.064211055,0.048263959,0.054496052,0.01609418
2024-06,EU,France,on,Cash,All,0.078977024,0.060884893,0.090721792,0.085495312,0,0,0,0
2024-06,EU,France,on,Receivables,All,0.032448808,0.046604411,0.000572579,0.074517794,0,0,0,0
2024-06,EU,France,on,LL,Shoes,0.032774613,0.054760419,0.090460281,0.091382824,0.056731925,0.06340703,0.022385317,0.087696017
2024-06,EU,France,on,LL,Apparel,0.070750252,0.010318384,0.027750518,0.051203593,0.099944766,0.089823506,0.023195032,0.025609766
2024-06,EU,France,on,LL,Devices,0.068452964,0.008101555,0.09812734,0.032794608,0.019945174,0.007393947,0.054882237,0.028991266
2024-06,EU,France,on,LL,Smart,0.09605789,0.094468733,0.010449076,0.065586483,0.006868415,0.077973465,0.087551328,0.050311714
2024-06,EU,France,off,GG,Shoes,0.0970751,0.039470777,0.0159495,0.091648014,0.037728233,0.067447123,0.09301517,0.006634301
2024-06,EU,France,off,GG,Apparel,0.048005206,0.03289005,0.087748194,0.003500041,0.003928539,0.014229835,0.095940561,0.007846227
2024-06,EU,France,off,II,Shoes,0.028983373,0.050032933,0.087498198,0.085610462,0.075744633,0.027851082,0.05266635,0.048252344
2024-06,EU,France,off,II,Apparel,0.035704433,0.049838744,0.044574807,0.030417525,0.044337635,0.020710615,0.096450074,0.026891298
2024-06,EU,Stockholm,on,Cash,All,0.05620213,0.024987008,0.005435779,0.040997858,0,0,0,0
2024-06,EU,Stockholm,on,Receivables,All,0.079298506,0.005483496,0.032366709,0.024442885,0,0,0,0
2024-06,EU,Stockholm,on,LL,Shoes,0.082305353,0.06534244,0.05795909,0.06342214,0.022957434,0.051705447,0.006754672,0.098085717
2024-06,EU,Stockholm,on,LL,Apparel,0.071029202,0.081068511,0.051124746,0.012964077,0.094672612,0.061027066,0.040784905,0.084024481
2024-06,EU,Stockholm,on,LL,Devices,0.076697749,0.025109283,0.014068428,0.061004323,0.030362731,0.055475776,0.039746768,0.063507958
2024-06,EU,Stockholm,on,LL,Smart,0.014089888,0.087774087,0.034421401,0.014793041,0.029028218,0.07567809,0.027372112,0.058281827
2024-06,EU,Stockholm,off,GG,Shoes,0.065102582,0.060112942,0.038656658,0.046750643,0.0501932,0.034832546,0.007449431,0.046719672
2024-06,EU,Stockholm,off,GG,Apparel,0.070582173,0.02701746,0.072700845,0.081537018,0.030627587,0.034807986,0.096000352,0.046682676
2024-06,EU,Stockholm,off,II,Shoes,0.05197296,0.01741106,0.094153745,0.048690513,0.061814786,0.057894154,0.095836109,0.026124634
2024-06,EU,Stockholm,off,II,Apparel,0.046044617,0.013291473,0.023588815,0.097834228,0.07531952,0.016602723,0.052099218,0.012018823
2024-09,EU,France,on,Cash,All,0.073976276,0.0021875,0.014342006,0.036969866,0,0,0,0
2024-09,EU,France,on,Receivables,All,0.075483515,0.021721679,0.096631465,0.068184941,0,0,0,0
2024-09,EU,France,on,LL,Shoes,0.001148074,0.079611034,0.008475115,0.074510372,0.093784406,0.000826529,0.058692195,0.045251158
2024-09,EU,France,on,LL,Apparel,0.000943745,0.044574835,0.058986501,0.015236296,0.06264402,0.036220909,0.03211864,0.067339224
2024-09,EU,France,on,LL,Devices,0.016922423,0.035679662,0.064681065,0.056364194,0.081366506,0.099265505,0.091316166,0.089631386
2024-09,EU,France,on,LL,Smart,0.009726365,0.069245245,0.014425877,0.09103789,0.02179535,0.037943681,0.021584072,0.064733831
2024-09,EU,France,off,GG,Shoes,0.046417924,0.081528927,0.002661427,0.062230431,0.040136824,0.081604308,0.083357974,0.094747088
2024-09,EU,France,off,GG,Apparel,0.003629387,0.069018144,0.011854405,0.016218865,0.056419325,0.037456881,0.079777062,0.084735865
2024-09,EU,France,off,II,Shoes,0.075557169,0.096846109,0.029860193,0.095688349,0.094491246,0.09284014,0.055697954,0.096500548
2024-09,EU,France,off,II,Apparel,0.033399895,0.091730167,0.07241778,0.01233604,0.066917316,0.02037682,0.09312868,0.076488619
2024-09,EU,Stockholm,on,Cash,All,0.019624527,0.011412151,0.018124848,0.001523211,0,0,0,0
2024-09,EU,Stockholm,on,Receivables,All,0.049471186,0.073471232,0.044875166,0.092676407,0,0,0,0
2024-09,EU,Stockholm,on,LL,Shoes,0.019499375,0.010535959,0.080320307,0.038465954,0.051159464,0.071458289,0.096344508,0.026620487
2024-09,EU,Stockholm,on,LL,Apparel,0.022325347,0.035767884,0.07547312,0.065556549,0.078629602,0.019194231,0.015272929,0.089981002
2024-09,EU,Stockholm,on,LL,Devices,0.004679063,0.043697162,0.046720176,0.058386118,0.025381303,0.055637819,0.016778105,0.071468801
2024-09,EU,Stockholm,on,LL,Smart,0.077556199,0.035219197,0.024890025,0.025272156,0.049742339,0.031647027,0.009487482,0.079826783
2024-09,EU,Stockholm,off,GG,Shoes,0.003543439,0.096916815,0.011915479,0.095077935,0.049543626,0.061619771,0.099204662,0.078464191
2024-09,EU,Stockholm,off,GG,Apparel,0.097250417,0.084964803,0.023398754,0.023358427,0.034425254,0.036974367,0.040201061,0.043854408
2024-09,EU,Stockholm,off,II,Shoes,0.034552524,0.068893613,0.026543167,0.056335129,0.091085069,0.092641582,0.017274312,0.068591738
2024-09,EU,Stockholm,off,II,Apparel,0.072452288,0.03059031,0.069776937,0.041447867,0.065681271,0.081162219,0.060686625,0.037120875
2024-12,EU,France,on,Cash,All,0.065331942,0.034685206,0.043512802,0.000689433,0,0,0,0
2024-12,EU,France,on,Receivables,All,0.020937039,0.001181584,0.029230351,0.08293778,0,0,0,0
2024-12,EU,France,on,LL,Shoes,0.098872063,0.004062237,0.034006122,0.01871147,0.003762134,0.075278799,0.011891446,0.049897174
2024-12,EU,France,on,LL,Apparel,0.006813722,0.071115385,0.038829237,0.017686142,0.025929109,0.001761788,0.026437378,0.032716123
2024-12,EU,France,on,LL,Devices,0.095309211,0.043414452,0.078519345,0.084966568,0.06519121,0.077010811,0.091752798,0.042290002
2024-12,EU,France,on,LL,Smart,0.089582502,0.020997936,0.078613991,0.026314934,0.069830731,0.085870862,0.03168221,0.029339253
2024-12,EU,France,off,GG,Shoes,0.039092967,0.045686864,0.069545661,0.008632754,0.034331488,0.022996168,0.059922356,0.007957691
2024-12,EU,France,off,GG,Apparel,0.083074375,0.050183593,0.047076628,0.064001399,0.067928897,0.039079499,0.091957615,0.045650728
2024-12,EU,France,off,II,Shoes,0.031420317,0.028707471,0.098595873,0.049798457,0.024033435,0.013909046,0.096582464,0.062381124
2024-12,EU,France,off,II,Apparel,0.048469793,0.066839197,0.085207863,0.002953904,0.07060853,0.091626577,0.038318125,0.044434048
2024-12,EU,Stockholm,on,Cash,All,0.078245142,0.076408812,0.084214239,0.017343097,0,0,0,0
2024-12,EU,Stockholm,on,Receivables,All,0.023178456,0.075884024,0.019402801,0.062074355,0,0,0,0
2024-12,EU,Stockholm,on,LL,Shoes,0.09714347,0.047786044,0.066394807,0.086564608,0.043972709,0.025159039,0.084981477,0.007595042
2024-12,EU,Stockholm,on,LL,Apparel,0.060672222,0.086949049,0.04008068,0.079595525,0.059996744,0.095527865,0.042100537,0.008913342
2024-12,EU,Stockholm,on,LL,Devices,0.036829198,0.095083346,0.062268801,0.014072044,0.076007201,0.048289047,0.005082312,0.078132585
2024-12,EU,Stockholm,on,LL,Smart,0.098897945,0.083446049,0.050427026,0.031040151,0.050255386,0.052460357,0.067225561,0.058366763
2024-12,EU,Stockholm,off,GG,Shoes,0.056463946,0.093420154,0.059829657,0.039213924,0.017194906,0.062161776,0.022358991,0.091062058
2024-12,EU,Stockholm,off,GG,Apparel,0.066685737,0.020390841,0.091003474,0.059746113,0.098341865,0.089647605,0.04817008,0.00497189
2024-12,EU,Stockholm,off,II,Shoes,0.030128731,0.06541109,0.001177453,0.058545084,0.069528955,0.058528073,0.076568714,0.001105926
2024-12,EU,Stockholm,off,II,Apparel,0.008856997,0.086157017,0.052984879,0.089160813,0.069311369,0.062563493,0.021317244,0.055412922
2020-03,EU,All,off,GG,Apparel,0.35745304,0.127062649,0.135857823,0.094532567,0.360109004,0.099835439,0.17476485,0.085508716
2020-03,EU,All,off,GG,Shoes,0.284144248,0.11432734,0.077096988,0.092719921,0.375244001,0.163181872,0.075203991,0.136858137
2020-03,EU,All,off,II,Apparel,0.320386787,0.080674573,0.118897444,0.12081477,0.33797554,0.08419346,0.122103322,0.131678759
2020-03,EU,All,off,II,Shoes,0.320184506,0.162780143,0.119048569,0.038355795,0.20147243,0.107048435,0.027457726,0.066966268
2020-03,EU,All,on,Cash,All,0.261654472,0.116371427,0.114972507,0.030310538,0,0,0,0
2020-03,EU,All,on,LL,Apparel,0.334130942,0.149759945,0.120474843,0.063896154,0.249105995,0.122213847,0.090039014,0.036853134
2020-03,EU,All,on,LL,Devices,0.27427182,0.11904874,0.103831628,0.051391452,0.217651965,0.040943477,0.098134928,0.078573559
2020-03,EU,All,on,LL,Shoes,0.324604934,0.111857828,0.074400649,0.138346457,0.361356131,0.158689424,0.06858128,0.134085427
2020-03,EU,All,on,LL,Smart,0.214729225,0.062252293,0.114250621,0.03822631,0.295067232,0.028865486,0.113352341,0.152849406
2020-03,EU,All,on,Receivables,All,0.263726193,0.090687528,0.153328295,0.01971037,0,0,0,0
2020-06,EU,All,off,GG,Apparel,0.147199332,0.067958174,0.066186401,0.050638717,0.096228934,0.095897874,0.148678028,0.154859082
2020-06,EU,All,off,GG,Shoes,0.063127688,0.089994154,0.145131825,0.095279012,0.158880576,0.045708013,0.069019829,0.054427961
2020-06,EU,All,off,II,Apparel,0.149551399,0.119745525,0.112592159,0.070428424,0.107061122,0.138053409,0.126960665,0.121443134
2020-06,EU,All,off,II,Shoes,0.078798951,0.061078162,0.027693531,0.072143357,0.091708525,0.117621815,0.086783673,0.159697516
2020-06,EU,All,on,Cash,All,0.077253539,0.094734902,0.077343136,0.139327511,0,0,0,0
2020-06,EU,All,on,LL,Apparel,0.070823478,0.030567017,0.073256906,0.176828703,0.1132798,0.138926156,0.090038211,0.103902379
2020-06,EU,All,on,LL,Devices,0.166602407,0.093578473,0.098665878,0.092988721,0.089195747,0.041205168,0.1520155,0.133493856
2020-06,EU,All,on,LL,Shoes,0.055038774,0.118988174,0.18631138,0.048918392,0.123598893,0.082926971,0.10479923,0.058385839
2020-06,EU,All,on,LL,Smart,0.103607672,0.13926506,0.043445128,0.1249488,0.128065253,0.113560854,0.124586111,0.073771638
2020-06,EU,All,on,Receivables,All,0.130448836,0.079426641,0.095677367,0.10197464,0,0,0,0
2020-09,EU,All,off,GG,Apparel,0.144848882,0.113223801,0.058019242,0.138497892,0.122874322,0.119680078,0.040845321,0.116901915
2020-09,EU,All,off,GG,Shoes,0.168516955,0.067020399,0.127488424,0.103594616,0.057210366,0.050757746,0.102318465,0.024422473
2020-09,EU,All,off,II,Apparel,0.069092435,0.138928774,0.05806699,0.116113303,0.135874821,0.12450617,0.060838172,0.085602344
2020-09,EU,All,off,II,Shoes,0.087557677,0.055289258,0.112667974,0.064219926,0.101263004,0.077770637,0.143120212,0.052599731
2020-09,EU,All,on,Cash,All,0.01802725,0.096220333,0.095063248,0.118679705,0,0,0,0
2020-09,EU,All,on,LL,Apparel,0.081724736,0.070886331,0.077618565,0.145877516,0.084695904,0.081427233,0.08181898,0.083004113
2020-09,EU,All,on,LL,Devices,0.104733054,0.184549238,0.10085872,0.029173673,0.137987119,0.110340891,0.073665105,0.058933687
2020-09,EU,All,on,LL,Shoes,0.181792637,0.087780236,0.160729564,0.057267625,0.085116084,0.160974979,0.109753605,0.120041353
2020-09,EU,All,on,LL,Smart,0.117769098,0.101416518,0.02294151,0.089669901,0.115878705,0.107012182,0.084165894,0.138007368
2020-09,EU,All,on,Receivables,All,0.102130891,0.119747029,0.16657812,0.107187247,0,0,0,0
2020-12,EU,All,off,GG,Apparel,0.129402042,0.089172136,0.085764649,0.059539294,0.035168735,0.158484818,0.146371633,0.07594076
2020-12,EU,All,off,GG,Shoes,0.068566942,0.134567646,0.082152378,0.126465245,0.12163644,0.108993172,0.186735931,0.048245601
2020-12,EU,All,off,II,Apparel,0.106656033,0.073745866,0.043771454,0.118173389,0.114245024,0.073627875,0.081441566,0.137484313
2020-12,EU,All,off,II,Shoes,0.108626366,0.073328759,0.044366865,0.017679397,0.082773943,0.142092178,0.129160289,0.035480997
2020-12,EU,All,on,Cash,All,0.138167917,0.097724548,0.067260373,0.060112986,0,0,0,0
2020-12,EU,All,on,LL,Apparel,0.061516519,0.134737873,0.032813811,0.070520156,0.08274347,0.115773193,0.164481058,0.022993234
2020-12,EU,All,on,LL,Devices,0.182326176,0.085609493,0.123275194,0.16846241,0.063815019,0.117838295,0.087511953,0.130241657
2020-12,EU,All,on,LL,Shoes,0.095821389,0.023093462,0.1302922,0.113927006,0.084794001,0.043338385,0.058610748,0.060061673
2020-12,EU,All,on,LL,Smart,0.090648227,0.108582242,0.088630013,0.042239755,0.049261248,0.107108585,0.139774383,0.098129708
2020-12,EU,All,on,Receivables,All,0.10648407,0.11656128,0.113194708,0.068227946,0,0,0,0
2021-03,EU,All,off,GG,Apparel,0.017731177,0.149651153,0.153020564,0.021383419,0.148650282,0.130143765,0.051224373,0.122525729
2021-03,EU,All,off,GG,Shoes,0.084063237,0.154856318,0.091901987,0.096476996,0.066013604,0.086320475,0.042123916,0.136268673
2021-03,EU,All,off,II,Apparel,0.054167361,0.010857597,0.086332911,0.110430474,0.096756287,0.031620245,0.098199109,0.025468893
2021-03,EU,All,off,II,Shoes,0.02603338,0.187905105,0.087151466,0.090534817,0.039361919,0.083751645,0.084517897,0.094078167
2021-03,EU,All,on,Cash,All,0.161144928,0.099988116,0.04146392,0.092692254,0,0,0,0
2021-03,EU,All,on,LL,Apparel,0.074763482,0.071630233,0.056478089,0.093173648,0.117472841,0.079719006,0.141584342,0.079879877
2021-03,EU,All,on,LL,Devices,0.085198403,0.07485226,0.102335472,0.142146296,0.143177314,0.122462701,0.045116368,0.093986694
2021-03,EU,All,on,LL,Shoes,0.162051411,0.035454679,0.102850981,0.031949608,0.140211474,0.062168702,0.105055083,0.076450606
2021-03,EU,All,on,LL,Smart,0.079549561,0.109741079,0.162398216,0.079766289,0.0874734,0.131209556,0.064566244,0.161363755
2021-03,EU,All,on,Receivables,All,0.151843708,0.080379141,0.140546163,0.053803095,0,0,0,0
2021-06,EU,All,off,GG,Apparel,0.045061675,0.082086054,0.107623168,0.158691262,0.105294655,0.120711671,0.047406125,0.184089573
2021-06,EU,All,off,GG,Shoes,0.096155508,0.040704787,0.162568033,0.122025341,0.102062471,0.043051369,0.058211484,0.050894181
2021-06,EU,All,off,II,Apparel,0.155010625,0.175502555,0.105774953,0.079912604,0.162090628,0.112159758,0.087672942,0.025612422
2021-06,EU,All,off,II,Shoes,0.100227678,0.070172468,0.042639342,0.073199313,0.114299579,0.020564922,0.071848889,0.091619817
2021-06,EU,All,on,Cash,All,0.156805712,0.070288354,0.038006801,0.085585866,0,0,0,0
2021-06,EU,All,on,LL,Apparel,0.161107218,0.076013534,0.034496159,0.135451249,0.124103653,0.156329059,0.089109996,0.127043687
2021-06,EU,All,on,LL,Devices,0.064360813,0.128408172,0.136433082,0.042638949,0.156089452,0.088076661,0.173118558,0.086795595
2021-06,EU,All,on,LL,Shoes,0.168108145,0.062498457,0.137752265,0.073483331,0.127521483,0.036334207,0.032784939,0.113968066
2021-06,EU,All,on,LL,Smart,0.032841978,0.09885992,0.009839601,0.043560116,0.051907702,0.032272997,0.146534822,0.096880321
2021-06,EU,All,on,Receivables,All,0.106064099,0.132104448,0.121824749,0.10312364,0,0,0,0
2021-09,EU,All,off,GG,Apparel,0.067294888,0.032254939,0.117132448,0.099908063,0.105996301,0.061847619,0.09375415,0.138466323
2021-09,EU,All,off,GG,Shoes,0.072308006,0.059890415,0.079930354,0.062835438,0.038409388,0.116072757,0.111445943,0.095628614
2021-09,EU,All,off,II,Apparel,0.103915017,0.13664381,0.103748685,0.140923304,0.062305787,0.102257625,0.121127777,0.040298103
2021-09,EU,All,off,II,Shoes,0.138680889,0.09499373,0.112213095,0.101638148,0.094172146,0.074676559,0.160898028,0.125827513
2021-09,EU,All,on,Cash,All,0.09589974,0.10698427,0.137676518,0.110106058,0,0,0,0
2021-09,EU,All,on,LL,Apparel,0.084280686,0.110146337,0.170553875,0.116321368,0.134638647,0.098033436,0.101789694,0.083699959
2021-09,EU,All,on,LL,Devices,0.144337032,0.138805441,0.053387558,0.033064283,0.015405838,0.084682092,0.074315228,0.116874759
2021-09,EU,All,on,LL,Shoes,0.0744985,0.128731024,0.135777464,0.057519235,0.125945415,0.08424887,0.107825477,0.037513303
2021-09,EU,All,on,LL,Smart,0.120741709,0.1011391,0.073406383,0.119759362,0.092400769,0.100162959,0.098962653,0.014748122
2021-09,EU,All,on,Receivables,All,0.141401582,0.162818813,0.041992876,0.072352731,0,0,0,0
2021-12,EU,All,off,GG,Apparel,0.063424671,0.091873795,0.111686292,0.065680926,0.074973373,0.152341051,0.123203955,0.069039709
2021-12,EU,All,off,GG,Shoes,0.103894546,0.039383705,0.131864484,0.090300495,0.082647465,0.100082475,0.137038145,0.099258821
2021-12,EU,All,off,II,Apparel,0.053253616,0.11153814,0.034864149,0.090362782,0.140855283,0.071008628,0.180848316,0.098417711
2021-12,EU,All,off,II,Shoes,0.097818222,0.108133977,0.099307167,0.062350461,0.057131558,0.141882688,0.09487667,0.068577722
2021-12,EU,All,on,Cash,All,0.098423569,0.014956151,0.131420582,0.113693709,0,0,0,0
2021-12,EU,All,on,LL,Apparel,0.114805968,0.090826374,0.065586276,0.03285231,0.112652991,0.116236248,0.07330984,0.078638463
2021-12,EU,All,on,LL,Devices,0.085227449,0.06209603,0.038850683,0.064723274,0.111479654,0.13564448,0.038571652,0.044835483
2021-12,EU,All,on,LL,Shoes,0.112765716,0.130071959,0.065351708,0.064308145,0.159479881,0.039001342,0.032990681,0.057317529
2021-12,EU,All,on,LL,Smart,0.042621849,0.076506743,0.069120974,0.137276126,0.133014816,0.028022871,0.140055505,0.073256196
2021-12,EU,All,on,Receivables,All,0.133275654,0.127576803,0.086677293,0.066452629,0,0,0,0
2022-03,EU,All,off,GG,Apparel,0.106485639,0.128157275,0.085294865,0.016812854,0.071130548,0.026305602,0.170312692,0.127367224
2022-03,EU,All,off,GG,Shoes,0.159977604,0.026313091,0.08642074,0.072870463,0.127909773,0.150126346,0.068186325,0.097394132
2022-03,EU,All,off,II,Apparel,0.06893199,0.15978203,0.100601782,0.061498999,0.105847518,0.146845795,0.063407187,0.127604119
2022-03,EU,All,off,II,Shoes,0.033031987,0.060657246,0.085627672,0.180716076,0.130219927,0.067269661,0.132415276,0.092139402
2022-03,EU,All,on,Cash,All,0.081280039,0.095083737,0.111100181,0.121112765,0,0,0,0
2022-03,EU,All,on,LL,Apparel,0.133772038,0.152101908,0.126459162,0.115449582,0.115983558,0.075184728,0.05344281,0.180494323
2022-03,EU,All,on,LL,Devices,0.123783985,0.15087767,0.054010468,0.041627907,0.112188564,0.032882692,0.139615663,0.128222648
2022-03,EU,All,on,LL,Shoes,0.109850569,0.084830316,0.077374798,0.130526958,0.088716449,0.037858817,0.063726911,0.118884969
2022-03,EU,All,on,LL,Smart,0.103364437,0.039796162,0.047097611,0.152529136,0.156012746,0.143600585,0.158468672,0.118327974
2022-03,EU,All,on,Receivables,All,0.085207531,0.102508051,0.076151471,0.09135653,0,0,0,0
2022-06,EU,All,off,GG,Apparel,0.162108788,0.104175977,0.133093636,0.11876993,0.086112496,0.125555999,0.114792113,0.123824087
2022-06,EU,All,off,GG,Shoes,0.157877028,0.122471782,0.125146059,0.112713778,0.118210862,0.08347714,0.011804036,0.094859344
2022-06,EU,All,off,II,Apparel,0.092484616,0.113192294,0.00450701,0.122401053,0.098969819,0.009618801,0.170241071,0.085357664
2022-06,EU,All,off,II,Shoes,0.157884132,0.188258215,0.150280926,0.157313602,0.048908654,0.098160367,0.096923079,0.152257058
2022-06,EU,All,on,Cash,All,0.022461914,0.031942225,0.102931782,0.184298467,0,0,0,0
2022-06,EU,All,on,LL,Apparel,0.108889471,0.119928353,0.073406245,0.03739797,0.114465811,0.037216185,0.136319841,0.052318631
2022-06,EU,All,on,LL,Devices,0.115596923,0.11933656,0.173072142,0.134025842,0.120478748,0.112227947,0.191766768,0.044138709
2022-06,EU,All,on,LL,Shoes,0.104719982,0.144247309,0.118490826,0.105710984,0.063794755,0.059345819,0.174714852,0.044239335
2022-06,EU,All,on,LL,Smart,0.059402724,0.146719754,0.13016983,0.159897893,0.086404206,0.135757042,0.141956136,0.138015293
2022-06,EU,All,on,Receivables,All,0.117819211,0.098056996,0.168317405,0.097048541,0,0,0,0
2022-09,EU,All,off,GG,Apparel,0.065355175,0.092548163,0.095000596,0.076001301,0.093661061,0.027405227,0.031696133,0.062254685
2022-09,EU,All,off,GG,Shoes,0.150973222,0.102887128,0.093697417,0.09590082,0.144182665,0.125047253,0.093276654,0.110593634
2022-09,EU,All,off,II,Apparel,0.182492973,0.099139087,0.087593526,0.095384195,0.109898291,0.153126031,0.028510345,0.083638318
2022-09,EU,All,off,II,Shoes,0.018676025,0.143417124,0.131407448,0.084710018,0.042552827,0.103845321,0.041329786,0.129880164
2022-09,EU,All,on,Cash,All,0.039100975,0.045566785,0.132662494,0.100545589,0,0,0,0
2022-09,EU,All,on,LL,Apparel,0.091476587,0.052162137,0.022231456,0.031781758,0.124274903,0.09649217,0.157002933,0.105817443
2022-09,EU,All,on,LL,Devices,0.107160361,0.118296904,0.094256853,0.104119795,0.072487359,0.158016379,0.10900861,0.1470036
2022-09,EU,All,on,LL,Shoes,0.09875425,0.099924436,0.060420212,0.04743597,0.104358725,0.050291575,0.104635117,0.162966813
2022-09,EU,All,on,LL,Smart,0.095084076,0.12536276,0.146729586,0.075836104,0.155072412,0.09427729,0.06877493,0.15204346
2022-09,EU,All,on,Receivables,All,0.113745621,0.10258523,0.057509099,0.062424402,0,0,0,0
2022-12,EU,All,off,GG,Apparel,0.010290966,0.101278849,0.098534901,0.129531253,0.125191061,0.08118418,0.072935263,0.052187907
2022-12,EU,All,off,GG,Shoes,0.125890082,0.087369642,0.03686661,0.178403573,0.187182304,0.063091333,0.121861653,0.13322839
2022-12,EU,All,off,II,Apparel,0.06880025,0.092954953,0.070713611,0.106834574,0.109693729,0.107398502,0.111713212,0.108747902
2022-12,EU,All,off,II,Shoes,0.086798822,0.099617361,0.124706405,0.173463773,0.140903075,0.191748455,0.129422755,0.153485539
2022-12,EU,All,on,Cash,All,0.149471495,0.036979254,0.117821009,0.124847713,0,0,0,0
2022-12,EU,All,on,LL,Apparel,0.0941131,0.049639009,0.135253771,0.068031194,0.089324342,0.088040084,0.110232042,0.080987296
2022-12,EU,All,on,LL,Devices,0.054349583,0.114944207,0.085939376,0.096764526,0.091535009,0.102815787,0.095327958,0.047020483
2022-12,EU,All,on,LL,Shoes,0.109309467,0.073752884,0.099157905,0.103636391,0.10436252,0.09649103,0.117120634,0.099564872
2022-12,EU,All,on,LL,Smart,0.170058348,0.122153189,0.021532893,0.113190406,0.114056386,0.132980973,0.074601479,0.080587178
2022-12,EU,All,on,Receivables,All,0.093156796,0.082329296,0.079139687,0.053962397,0,0,0,0
2023-03,EU,All,off,GG,Apparel,0.12722618,0.058264913,0.056029575,0.09506689,0.087159076,0.19031761,0.081306132,0.105664789
2023-03,EU,All,off,GG,Shoes,0.122315207,0.12516273,0.105866751,0.116591232,0.076349017,0.076037196,0.032479502,0.121580717
2023-03,EU,All,off,II,Apparel,0.072148013,0.108678563,0.070964782,0.070629453,0.130436533,0.084707086,0.129457,0.110953491
2023-03,EU,All,off,II,Shoes,0.105181244,0.088500055,0.084512762,0.108896262,0.129479661,0.160372287,0.087722873,0.049070045
2023-03,EU,All,on,Cash,All,0.188556132,0.155500549,0.128725177,0.061795536,0,0,0,0
2023-03,EU,All,on,LL,Apparel,0.109601857,0.079427358,0.014907088,0.124773258,0.060115821,0.121213531,0.0824887,0.085874482
2023-03,EU,All,on,LL,Devices,0.164531867,0.153319906,0.143088167,0.070278144,0.015071614,0.041810613,0.113382539,0.07596139
2023-03,EU,All,on,LL,Shoes,0.081708388,0.112465722,0.042435309,0.108325372,0.115339191,0.081002551,0.082554173,0.131538424
2023-03,EU,All,on,LL,Smart,0.103717489,0.013194796,0.146961202,0.142859176,0.158442558,0.166864012,0.127571373,0.108802671
2023-03,EU,All,on,Receivables,All,0.111460265,0.187955913,0.088797193,0.093939337,0,0,0,0
2023-06,EU,All,off,GG,Apparel,0.17660922,0.124985879,0.168310225,0.082045041,0.069747863,0.04398674,0.028080752,0.094023656
2023-06,EU,All,off,GG,Shoes,0.096370954,0.129875402,0.064973529,0.134207759,0.100289595,0.167229011,0.080881591,0.09634252
2023-06,EU,All,off,II,Apparel,0.088423607,0.08962353,0.106396972,0.044623928,0.100557087,0.152144655,0.083969022,0.096617043
2023-06,EU,All,off,II,Shoes,0.056303114,0.122670664,0.125359244,0.02001964,0.046614631,0.089993765,0.147992466,0.147669282
2023-06,EU,All,on,Cash,All,0.064772224,0.053693767,0.150177062,0.116758407,0,0,0,0
2023-06,EU,All,on,LL,Apparel,0.132168973,0.12482793,0.058464191,0.189203187,0.057705303,0.083965744,0.100701287,0.076083934
2023-06,EU,All,on,LL,Devices,0.113225698,0.096514485,0.015284124,0.124177375,0.171214226,0.065281312,0.170336122,0.148771378
2023-06,EU,All,on,LL,Shoes,0.129001428,0.08900386,0.126520325,0.054816952,0.106233492,0.13892108,0.089955552,0.130389337
2023-06,EU,All,on,LL,Smart,0.068745372,0.009548881,0.020924054,0.021931406,0.055681438,0.115093629,0.083763911,0.007592511
2023-06,EU,All,on,Receivables,All,0.077579411,0.159885186,0.097477793,0.049550063,0,0,0,0
2023-09,EU,All,off,GG,Apparel,0.128929914,0.059317184,0.121978633,0.053807454,0.07903638,0.193795408,0.138819917,0.12453329
2023-09,EU,All,off,GG,Shoes,0.059939812,0.065815566,0.108765081,0.051414032,0.046785973,0.161371191,0.093526305,0.145085263
2023-09,EU,All,off,II,Apparel,0.085142894,0.128741124,0.080965103,0.169336915,0.134233058,0.16203845,0.099231507,0.07766587
2023-09,EU,All,off,II,Shoes,0.109678055,0.05215641,0.049675377,0.121502295,0.109254598,0.103287287,0.103659892,0.029657637
2023-09,EU,All,on,Cash,All,0.078922134,0.083571262,0.066610658,0.104446918,0,0,0,0
2023-09,EU,All,on,LL,Apparel,0.066124983,0.176201501,0.082579702,0.133419133,0.101098074,0.135519372,0.17716983,0.026304127
2023-09,EU,All,on,LL,Devices,0.178824687,0.114223633,0.180017818,0.167517661,0.146828087,0.052655321,0.0635354,0.106823767
2023-09,EU,All,on,LL,Shoes,0.063728047,0.089759765,0.10226624,0.067066853,0.091365714,0.094544271,0.177974577,0.031724186
2023-09,EU,All,on,LL,Smart,0.047450101,0.132145054,0.101650654,0.068836176,0.029240163,0.140870116,0.073711032,0.119325654
2023-09,EU,All,on,Receivables,All,0.089144682,0.108115986,0.033691705,0.057599187,0,0,0,0
2023-12,EU,All,off,GG,Apparel,0.054779213,0.087033988,0.06690535,0.173419299,0.114520165,0.064654355,0.141312291,0.037747154
2023-12,EU,All,off,GG,Shoes,0.163173444,0.131874377,0.138182911,0.098039996,0.106900289,0.088390342,0.061885258,0.107183339
2023-12,EU,All,off,II,Apparel,0.130264537,0.126037582,0.070927025,0.131297437,0.100170584,0.105674412,0.172982077,0.011174497
2023-12,EU,All,off,II,Shoes,0.106448185,0.036861156,0.125787623,0.156966253,0.133431034,0.127997945,0.066674034,0.075520922
2023-12,EU,All,on,Cash,All,0.01200204,0.059755384,0.147485277,0.047457399,0,0,0,0
2023-12,EU,All,on,LL,Apparel,0.098661251,0.079581496,0.072315164,0.050322681,0.044019567,0.097464277,0.08016811,0.105525706
2023-12,EU,All,on,LL,Devices,0.099175881,0.191188322,0.035910256,0.122592478,0.084727969,0.159359106,0.054077187,0.127880197
2023-12,EU,All,on,LL,Shoes,0.077387101,0.04885317,0.10774144,0.162619743,0.072326038,0.166289388,0.108050125,0.1229598
2023-12,EU,All,on,LL,Smart,0.141809699,0.060128101,0.080077978,0.104134089,0.161572707,0.04683755,0.149728361,0.134568074
2023-12,EU,All,on,Receivables,All,0.10223329,0.08760521,0.137395836,0.158389134,0,0,0,0
2024-03,EU,All,off,GG,Apparel,0.06178065,0.157978073,0.029487421,0.100364174,0.097362022,0.091796949,0.100388208,0.132503425
2024-03,EU,All,off,GG,Shoes,0.084112144,0.089719144,0.030533923,0.146782376,0.088197083,0.085925677,0.152712828,0.083553545
2024-03,EU,All,off,II,Apparel,0.080671448,0.026456198,0.086255793,0.128138008,0.076144435,0.05023585,0.098935427,0.047254251
2024-03,EU,All,off,II,Shoes,0.096237976,0.080711875,0.039036225,0.041258431,0.121307318,0.064825704,0.160310742,0.127663334
2024-03,EU,All,on,Cash,All,0.038156971,0.102601091,0.144049909,0.148671573,0,0,0,0
2024-03,EU,All,on,LL,Apparel,0.153780479,0.056612134,0.098573424,0.091914544,0.13048137,0.064223749,0.086912892,0.100351754
2024-03,EU,All,on,LL,Devices,0.095853304,0.100872768,0.086723795,0.089100596,0.04655842,0.050135812,0.124604198,0.127924687
2024-03,EU,All,on,LL,Shoes,0.116410758,0.078302902,0.00974044,0.151224373,0.047539122,0.051550192,0.141807232,0.060741523
2024-03,EU,All,on,LL,Smart,0.104111344,0.064336439,0.101621203,0.108769889,0.132045357,0.13067505,0.151982906,0.027474729
2024-03,EU,All,on,Receivables,All,0.103057523,0.120385676,0.159117723,0.066967021,0,0,0,0
2024-06,EU,All,off,GG,Apparel,0.118587379,0.05990751,0.16044904,0.08503706,0.034556126,0.04903782,0.191940913,0.054528903
2024-06,EU,All,off,GG,Shoes,0.162177683,0.099583719,0.054606158,0.138398657,0.087921433,0.102279669,0.1004646,0.053353972
2024-06,EU,All,off,II,Apparel,0.081749049,0.063130218,0.068163622,0.128251753,0.119657155,0.037313337,0.148549292,0.038910121
2024-06,EU,All,off,II,Shoes,0.080956333,0.067443993,0.181651943,0.134300975,0.137559419,0.085745236,0.148502459,0.074376978
2024-06,EU,All,on,Cash,All,0.135179155,0.085871901,0.096157571,0.12649317,0,0,0,0
2024-06,EU,All,on,LL,Apparel,0.141779454,0.091386894,0.078875264,0.06416767,0.194617379,0.150850572,0.063979937,0.109634247
2024-06,EU,All,on,LL,Devices,0.145150713,0.033210838,0.112195767,0.09379893,0.050307905,0.062869723,0.094629005,0.092499224
2024-06,EU,All,on,LL,Shoes,0.115079967,0.120102859,0.148419371,0.154804964,0.079689358,0.115112477,0.02913999,0.185781734
2024-06,EU,All,on,LL,Smart,0.110147779,0.18224282,0.044870477,0.080379524,0.035896633,0.153651555,0.11492344,0.108593541
2024-06,EU,All,on,Receivables,All,0.111747313,0.052087907,0.032939288,0.098960678,0,0,0,0
2024-09,EU,All,off,GG,Apparel,0.100879805,0.153982947,0.035253159,0.039577293,0.090844579,0.074431247,0.119978123,0.128590273
2024-09,EU,All,off,GG,Shoes,0.049961363,0.178445741,0.014576907,0.157308367,0.089680451,0.143224079,0.182562636,0.173211279
2024-09,EU,All,off,II,Apparel,0.105852183,0.122320477,0.142194717,0.053783908,0.132598587,0.101539038,0.153815305,0.113609494
2024-09,EU,All,off,II,Shoes,0.110109692,0.165739722,0.05640336,0.152023478,0.185576315,0.185481722,0.072972266,0.165092286
2024-09,EU,All,on,Cash,All,0.093600802,0.01359965,0.032466854,0.038493078,0,0,0,0
2024-09,EU,All,on,LL,Apparel,0.023269092,0.080342719,0.134459621,0.080792845,0.141273622,0.05541514,0.047391568,0.157320226
2024-09,EU,All,on,LL,Devices,0.021601486,0.079376824,0.111401241,0.114750313,0.10674781,0.154903324,0.108094271,0.161100188
2024-09,EU,All,on,LL,Shoes,0.020647449,0.090146993,0.088795422,0.112976326,0.14494387,0.072284818,0.155036704,0.071871645
2024-09,EU,All,on,LL,Smart,0.087282564,0.104464442,0.039315902,0.116310046,0.071537689,0.069590708,0.031071554,0.144560614
2024-09,EU,All,on,Receivables,All,0.124954701,0.09519291,0.141506631,0.160861348,0,0,0,0
2024-12,EU,All,off,GG,Apparel,0.149760113,0.070574433,0.138080102,0.123747512,0.166270762,0.128727104,0.140127696,0.050622618
2024-12,EU,All,off,GG,Shoes,0.095556913,0.139107018,0.129375318,0.047846678,0.051526394,0.085157944,0.082281346,0.099019749
2024-12,EU,All,off,II,Apparel,0.057326789,0.152996214,0.138192742,0.092114718,0.139919899,0.15419007,0.059635368,0.09984697
2024-12,EU,All,off,II,Shoes,0.061549048,0.094118561,0.099773327,0.108343541,0.09356239,0.072437119,0.173151178,0.06348705
2024-12,EU,All,on,Cash,All,0.143577084,0.111094019,0.127727041,0.01803253,0,0,0,0
2024-12,EU,All,on,LL,Apparel,0.067485944,0.158064434,0.078909916,0.097281667,0.085925852,0.097289653,0.068537915,0.041629465
2024-12,EU,All,on,LL,Devices,0.132138409,0.138497799,0.140788146,0.099038612,0.141198411,0.125299858,0.09683511,0.120422586
2024-12,EU,All,on,LL,Shoes,0.196015534,0.051848281,0.100400928,0.105276078,0.047734843,0.100437838,0.096872923,0.057492216
2024-12,EU,All,on,LL,Smart,0.188480446,0.104443985,0.129041018,0.057355085,0.120086117,0.138331219,0.098907771,0.087706016
2024-12,EU,All,on,Receivables,All,0.044115494,0.077065608,0.048633152,0.145012135,0,0,0,0
2020-03,All,All,off,GG,Apparel,0.35745304,0.127062649,0.135857823,0.094532567,0.360109004,0.099835439,0.17476485,0.085508716
2020-03,All,All,off,GG,Shoes,0.284144248,0.11432734,0.077096988,0.092719921,0.375244001,0.163181872,0.075203991,0.136858137
2020-03,All,All,off,II,Apparel,0.320386787,0.080674573,0.118897444,0.12081477,0.33797554,0.08419346,0.122103322,0.131678759
2020-03,All,All,off,II,Shoes,0.320184506,0.162780143,0.119048569,0.038355795,0.20147243,0.107048435,0.027457726,0.066966268
2020-03,All,All,on,Cash,All,0.261654472,0.116371427,0.114972507,0.030310538,0,0,0,0
2020-03,All,All,on,LL,Apparel,0.334130942,0.149759945,0.120474843,0.063896154,0.249105995,0.122213847,0.090039014,0.036853134
2020-03,All,All,on,LL,Devices,0.27427182,0.11904874,0.103831628,0.051391452,0.217651965,0.040943477,0.098134928,0.078573559
2020-03,All,All,on,LL,Shoes,0.324604934,0.111857828,0.074400649,0.138346457,0.361356131,0.158689424,0.06858128,0.134085427
2020-03,All,All,on,LL,Smart,0.214729225,0.062252293,0.114250621,0.03822631,0.295067232,0.028865486,0.113352341,0.152849406
2020-03,All,All,on,Receivables,All,0.263726193,0.090687528,0.153328295,0.01971037,0,0,0,0
2020-06,All,All,off,GG,Apparel,0.147199332,0.067958174,0.066186401,0.050638717,0.096228934,0.095897874,0.148678028,0.154859082
2020-06,All,All,off,GG,Shoes,0.063127688,0.089994154,0.145131825,0.095279012,0.158880576,0.045708013,0.069019829,0.054427961
2020-06,All,All,off,II,Apparel,0.149551399,0.119745525,0.112592159,0.070428424,0.107061122,0.138053409,0.126960665,0.121443134
2020-06,All,All,off,II,Shoes,0.078798951,0.061078162,0.027693531,0.072143357,0.091708525,0.117621815,0.086783673,0.159697516
2020-06,All,All,on,Cash,All,0.077253539,0.094734902,0.077343136,0.139327511,0,0,0,0
2020-06,All,All,on,LL,Apparel,0.070823478,0.030567017,0.073256906,0.176828703,0.1132798,0.138926156,0.090038211,0.103902379
2020-06,All,All,on,LL,Devices,0.166602407,0.093578473,0.098665878,0.092988721,0.089195747,0.041205168,0.1520155,0.133493856
2020-06,All,All,on,LL,Shoes,0.055038774,0.118988174,0.18631138,0.048918392,0.123598893,0.082926971,0.10479923,0.058385839
2020-06,All,All,on,LL,Smart,0.103607672,0.13926506,0.043445128,0.1249488,0.128065253,0.113560854,0.124586111,0.073771638
2020-06,All,All,on,Receivables,All,0.130448836,0.079426641,0.095677367,0.10197464,0,0,0,0
2020-09,All,All,off,GG,Apparel,0.144848882,0.113223801,0.058019242,0.138497892,0.122874322,0.119680078,0.040845321,0.116901915
2020-09,All,All,off,GG,Shoes,0.168516955,0.067020399,0.127488424,0.103594616,0.057210366,0.050757746,0.102318465,0.024422473
2020-09,All,All,off,II,Apparel,0.069092435,0.138928774,0.05806699,0.116113303,0.135874821,0.12450617,0.060838172,0.085602344
2020-09,All,All,off,II,Shoes,0.087557677,0.055289258,0.112667974,0.064219926,0.101263004,0.077770637,0.143120212,0.052599731
2020-09,All,All,on,Cash,All,0.01802725,0.096220333,0.095063248,0.118679705,0,0,0,0
2020-09,All,All,on,LL,Apparel,0.081724736,0.070886331,0.077618565,0.145877516,0.084695904,0.081427233,0.08181898,0.083004113
2020-09,All,All,on,LL,Devices,0.104733054,0.184549238,0.10085872,0.029173673,0.137987119,0.110340891,0.073665105,0.058933687
2020-09,All,All,on,LL,Shoes,0.181792637,0.087780236,0.160729564,0.057267625,0.085116084,0.160974979,0.109753605,0.120041353
2020-09,All,All,on,LL,Smart,0.117769098,0.101416518,0.02294151,0.089669901,0.115878705,0.107012182,0.084165894,0.138007368
2020-09,All,All,on,Receivables,All,0.102130891,0.119747029,0.16657812,0.107187247,0,0,0,0
2020-12,All,All,off,GG,Apparel,0.129402042,0.089172136,0.085764649,0.059539294,0.035168735,0.158484818,0.146371633,0.07594076
2020-12,All,All,off,GG,Shoes,0.068566942,0.134567646,0.082152378,0.126465245,0.12163644,0.108993172,0.186735931,0.048245601
2020-12,All,All,off,II,Apparel,0.106656033,0.073745866,0.043771454,0.118173389,0.114245024,0.073627875,0.081441566,0.137484313
2020-12,All,All,off,II,Shoes,0.108626366,0.073328759,0.044366865,0.017679397,0.082773943,0.142092178,0.129160289,0.035480997
2020-12,All,All,on,Cash,All,0.138167917,0.097724548,0.067260373,0.060112986,0,0,0,0
2020-12,All,All,on,LL,Apparel,0.061516519,0.134737873,0.032813811,0.070520156,0.08274347,0.115773193,0.164481058,0.022993234
2020-12,All,All,on,LL,Devices,0.182326176,0.085609493,0.123275194,0.16846241,0.063815019,0.117838295,0.087511953,0.130241657
2020-12,All,All,on,LL,Shoes,0.095821389,0.023093462,0.1302922,0.113927006,0.084794001,0.043338385,0.058610748,0.060061673
2020-12,All,All,on,LL,Smart,0.090648227,0.108582242,0.088630013,0.042239755,0.049261248,0.107108585,0.139774383,0.098129708
2020-12,All,All,on,Receivables,All,0.10648407,0.11656128,0.113194708,0.068227946,0,0,0,0
2021-03,All,All,off,GG,Apparel,0.017731177,0.149651153,0.153020564,0.021383419,0.148650282,0.130143765,0.051224373,0.122525729
2021-03,All,All,off,GG,Shoes,0.084063237,0.154856318,0.091901987,0.096476996,0.066013604,0.086320475,0.042123916,0.136268673
2021-03,All,All,off,II,Apparel,0.054167361,0.010857597,0.086332911,0.110430474,0.096756287,0.031620245,0.098199109,0.025468893
2021-03,All,All,off,II,Shoes,0.02603338,0.187905105,0.087151466,0.090534817,0.039361919,0.083751645,0.084517897,0.094078167
2021-03,All,All,on,Cash,All,0.161144928,0.099988116,0.04146392,0.092692254,0,0,0,0
2021-03,All,All,on,LL,Apparel,0.074763482,0.071630233,0.056478089,0.093173648,0.117472841,0.079719006,0.141584342,0.079879877
2021-03,All,All,on,LL,Devices,0.085198403,0.07485226,0.102335472,0.142146296,0.143177314,0.122462701,0.045116368,0.093986694
2021-03,All,All,on,LL,Shoes,0.162051411,0.035454679,0.102850981,0.031949608,0.140211474,0.062168702,0.105055083,0.076450606
2021-03,All,All,on,LL,Smart,0.079549561,0.109741079,0.162398216,0.079766289,0.0874734,0.131209556,0.064566244,0.161363755
2021-03,All,All,on,Receivables,All,0.151843708,0.080379141,0.140546163,0.053803095,0,0,0,0
2021-06,All,All,off,GG,Apparel,0.045061675,0.082086054,0.107623168,0.158691262,0.105294655,0.120711671,0.047406125,0.184089573
2021-06,All,All,off,GG,Shoes,0.096155508,0.040704787,0.162568033,0.122025341,0.102062471,0.043051369,0.058211484,0.050894181
2021-06,All,All,off,II,Apparel,0.155010625,0.175502555,0.105774953,0.079912604,0.162090628,0.112159758,0.087672942,0.025612422
2021-06,All,All,off,II,Shoes,0.100227678,0.070172468,0.042639342,0.073199313,0.114299579,0.020564922,0.071848889,0.091619817
2021-06,All,All,on,Cash,All,0.156805712,0.070288354,0.038006801,0.085585866,0,0,0,0
2021-06,All,All,on,LL,Apparel,0.161107218,0.076013534,0.034496159,0.135451249,0.124103653,0.156329059,0.089109996,0.127043687
2021-06,All,All,on,LL,Devices,0.064360813,0.128408172,0.136433082,0.042638949,0.156089452,0.088076661,0.173118558,0.086795595
2021-06,All,All,on,LL,Shoes,0.168108145,0.062498457,0.137752265,0.073483331,0.127521483,0.036334207,0.032784939,0.113968066
2021-06,All,All,on,LL,Smart,0.032841978,0.09885992,0.009839601,0.043560116,0.051907702,0.032272997,0.146534822,0.096880321
2021-06,All,All,on,Receivables,All,0.106064099,0.132104448,0.121824749,0.10312364,0,0,0,0
2021-09,All,All,off,GG,Apparel,0.067294888,0.032254939,0.117132448,0.099908063,0.105996301,0.061847619,0.09375415,0.138466323
2021-09,All,All,off,GG,Shoes,0.072308006,0.059890415,0.079930354,0.062835438,0.038409388,0.116072757,0.111445943,0.095628614
2021-09,All,All,off,II,Apparel,0.103915017,0.13664381,0.103748685,0.140923304,0.062305787,0.102257625,0.121127777,0.040298103
2021-09,All,All,off,II,Shoes,0.138680889,0.09499373,0.112213095,0.101638148,0.094172146,0.074676559,0.160898028,0.125827513
2021-09,All,All,on,Cash,All,0.09589974,0.10698427,0.137676518,0.110106058,0,0,0,0
2021-09,All,All,on,LL,Apparel,0.084280686,0.110146337,0.170553875,0.116321368,0.134638647,0.098033436,0.101789694,0.083699959
2021-09,All,All,on,LL,Devices,0.144337032,0.138805441,0.053387558,0.033064283,0.015405838,0.084682092,0.074315228,0.116874759
2021-09,All,All,on,LL,Shoes,0.0744985,0.128731024,0.135777464,0.057519235,0.125945415,0.08424887,0.107825477,0.037513303
2021-09,All,All,on,LL,Smart,0.120741709,0.1011391,0.073406383,0.119759362,0.092400769,0.100162959,0.098962653,0.014748122
2021-09,All,All,on,Receivables,All,0.141401582,0.162818813,0.041992876,0.072352731,0,0,0,0
2021-12,All,All,off,GG,Apparel,0.063424671,0.091873795,0.111686292,0.065680926,0.074973373,0.152341051,0.123203955,0.069039709
2021-12,All,All,off,GG,Shoes,0.103894546,0.039383705,0.131864484,0.090300495,0.082647465,0.100082475,0.137038145,0.099258821
2021-12,All,All,off,II,Apparel,0.053253616,0.11153814,0.034864149,0.090362782,0.140855283,0.071008628,0.180848316,0.098417711
2021-12,All,All,off,II,Shoes,0.097818222,0.108133977,0.099307167,0.062350461,0.057131558,0.141882688,0.09487667,0.068577722
2021-12,All,All,on,Cash,All,0.098423569,0.014956151,0.131420582,0.113693709,0,0,0,0
2021-12,All,All,on,LL,Apparel,0.114805968,0.090826374,0.065586276,0.03285231,0.112652991,0.116236248,0.07330984,0.078638463
2021-12,All,All,on,LL,Devices,0.085227449,0.06209603,0.038850683,0.064723274,0.111479654,0.13564448,0.038571652,0.044835483
2021-12,All,All,on,LL,Shoes,0.112765716,0.130071959,0.065351708,0.064308145,0.159479881,0.039001342,0.032990681,0.057317529
2021-12,All,All,on,LL,Smart,0.042621849,0.076506743,0.069120974,0.137276126,0.133014816,0.028022871,0.140055505,0.073256196
2021-12,All,All,on,Receivables,All,0.133275654,0.127576803,0.086677293,0.066452629,0,0,0,0
2022-03,All,All,off,GG,Apparel,0.106485639,0.128157275,0.085294865,0.016812854,0.071130548,0.026305602,0.170312692,0.127367224
2022-03,All,All,off,GG,Shoes,0.159977604,0.026313091,0.08642074,0.072870463,0.127909773,0.150126346,0.068186325,0.097394132
2022-03,All,All,off,II,Apparel,0.06893199,0.15978203,0.100601782,0.061498999,0.105847518,0.146845795,0.063407187,0.127604119
2022-03,All,All,off,II,Shoes,0.033031987,0.060657246,0.085627672,0.180716076,0.130219927,0.067269661,0.132415276,0.092139402
2022-03,All,All,on,Cash,All,0.081280039,0.095083737,0.111100181,0.121112765,0,0,0,0
2022-03,All,All,on,LL,Apparel,0.133772038,0.152101908,0.126459162,0.115449582,0.115983558,0.075184728,0.05344281,0.180494323
2022-03,All,All,on,LL,Devices,0.123783985,0.15087767,0.054010468,0.041627907,0.112188564,0.032882692,0.139615663,0.128222648
2022-03,All,All,on,LL,Shoes,0.109850569,0.084830316,0.077374798,0.130526958,0.088716449,0.037858817,0.063726911,0.118884969
2022-03,All,All,on,LL,Smart,0.103364437,0.039796162,0.047097611,0.152529136,0.156012746,0.143600585,0.158468672,0.118327974
2022-03,All,All,on,Receivables,All,0.085207531,0.102508051,0.076151471,0.09135653,0,0,0,0
2022-06,All,All,off,GG,Apparel,0.162108788,0.104175977,0.133093636,0.11876993,0.086112496,0.125555999,0.114792113,0.123824087
2022-06,All,All,off,GG,Shoes,0.157877028,0.122471782,0.125146059,0.112713778,0.118210862,0.08347714,0.011804036,0.094859344
2022-06,All,All,off,II,Apparel,0.092484616,0.113192294,0.00450701,0.122401053,0.098969819,0.009618801,0.170241071,0.085357664
2022-06,All,All,off,II,Shoes,0.157884132,0.188258215,0.150280926,0.157313602,0.048908654,0.098160367,0.096923079,0.152257058
2022-06,All,All,on,Cash,All,0.022461914,0.031942225,0.102931782,0.184298467,0,0,0,0
2022-06,All,All,on,LL,Apparel,0.108889471,0.119928353,0.073406245,0.03739797,0.114465811,0.037216185,0.136319841,0.052318631
2022-06,All,All,on,LL,Devices,0.115596923,0.11933656,0.173072142,0.134025842,0.120478748,0.112227947,0.191766768,0.044138709
2022-06,All,All,on,LL,Shoes,0.104719982,0.144247309,0.118490826,0.105710984,0.063794755,0.059345819,0.174714852,0.044239335
2022-06,All,All,on,LL,Smart,0.059402724,0.146719754,0.13016983,0.159897893,0.086404206,0.135757042,0.141956136,0.138015293
2022-06,All,All,on,Receivables,All,0.117819211,0.098056996,0.168317405,0.097048541,0,0,0,0
2022-09,All,All,off,GG,Apparel,0.065355175,0.092548163,0.095000596,0.076001301,0.093661061,0.027405227,0.031696133,0.062254685
2022-09,All,All,off,GG,Shoes,0.150973222,0.102887128,0.093697417,0.09590082,0.144182665,0.125047253,0.093276654,0.110593634
2022-09,All,All,off,II,Apparel,0.182492973,0.099139087,0.087593526,0.095384195,0.109898291,0.153126031,0.028510345,0.083638318
2022-09,All,All,off,II,Shoes,0.018676025,0.143417124,0.131407448,0.084710018,0.042552827,0.103845321,0.041329786,0.129880164
2022-09,All,All,on,Cash,All,0.039100975,0.045566785,0.132662494,0.100545589,0,0,0,0
2022-09,All,All,on,LL,Apparel,0.091476587,0.052162137,0.022231456,0.031781758,0.124274903,0.09649217,0.157002933,0.105817443
2022-09,All,All,on,LL,Devices,0.107160361,0.118296904,0.094256853,0.104119795,0.072487359,0.158016379,0.10900861,0.1470036
2022-09,All,All,on,LL,Shoes,0.09875425,0.099924436,0.060420212,0.04743597,0.104358725,0.050291575,0.104635117,0.162966813
2022-09,All,All,on,LL,Smart,0.095084076,0.12536276,0.146729586,0.075836104,0.155072412,0.09427729,0.06877493,0.15204346
2022-09,All,All,on,Receivables,All,0.113745621,0.10258523,0.057509099,0.062424402,0,0,0,0
2022-12,All,All,off,GG,Apparel,0.010290966,0.101278849,0.098534901,0.129531253,0.125191061,0.08118418,0.072935263,0.052187907
2022-12,All,All,off,GG,Shoes,0.125890082,0.087369642,0.03686661,0.178403573,0.187182304,0.063091333,0.121861653,0.13322839
2022-12,All,All,off,II,Apparel,0.06880025,0.092954953,0.070713611,0.106834574,0.109693729,0.107398502,0.111713212,0.108747902
2022-12,All,All,off,II,Shoes,0.086798822,0.099617361,0.124706405,0.173463773,0.140903075,0.191748455,0.129422755,0.153485539
2022-12,All,All,on,Cash,All,0.149471495,0.036979254,0.117821009,0.124847713,0,0,0,0
2022-12,All,All,on,LL,Apparel,0.0941131,0.049639009,0.135253771,0.068031194,0.089324342,0.088040084,0.110232042,0.080987296
2022-12,All,All,on,LL,Devices,0.054349583,0.114944207,0.085939376,0.096764526,0.091535009,0.102815787,0.095327958,0.047020483
2022-12,All,All,on,LL,Shoes,0.109309467,0.073752884,0.099157905,0.103636391,0.10436252,0.09649103,0.117120634,0.099564872
2022-12,All,All,on,LL,Smart,0.170058348,0.122153189,0.021532893,0.113190406,0.114056386,0.132980973,0.074601479,0.080587178
2022-12,All,All,on,Receivables,All,0.093156796,0.082329296,0.079139687,0.053962397,0,0,0,0
2023-03,All,All,off,GG,Apparel,0.12722618,0.058264913,0.056029575,0.09506689,0.087159076,0.19031761,0.081306132,0.105664789
2023-03,All,All,off,GG,Shoes,0.122315207,0.12516273,0.105866751,0.116591232,0.076349017,0.076037196,0.032479502,0.121580717
2023-03,All,All,off,II,Apparel,0.072148013,0.108678563,0.070964782,0.070629453,0.130436533,0.084707086,0.129457,0.110953491
2023-03,All,All,off,II,Shoes,0.105181244,0.088500055,0.084512762,0.108896262,0.129479661,0.160372287,0.087722873,0.049070045
2023-03,All,All,on,Cash,All,0.188556132,0.155500549,0.128725177,0.061795536,0,0,0,0
2023-03,All,All,on,LL,Apparel,0.109601857,0.079427358,0.014907088,0.124773258,0.060115821,0.121213531,0.0824887,0.085874482
2023-03,All,All,on,LL,Devices,0.164531867,0.153319906,0.143088167,0.070278144,0.015071614,0.041810613,0.113382539,0.07596139
2023-03,All,All,on,LL,Shoes,0.081708388,0.112465722,0.042435309,0.108325372,0.115339191,0.081002551,0.082554173,0.131538424
2023-03,All,All,on,LL,Smart,0.103717489,0.013194796,0.146961202,0.142859176,0.158442558,0.166864012,0.127571373,0.108802671
2023-03,All,All,on,Receivables,All,0.111460265,0.187955913,0.088797193,0.093939337,0,0,0,0
2023-06,All,All,off,GG,Apparel,0.17660922,0.124985879,0.168310225,0.082045041,0.069747863,0.04398674,0.028080752,0.094023656
2023-06,All,All,off,GG,Shoes,0.096370954,0.129875402,0.064973529,0.134207759,0.100289595,0.167229011,0.080881591,0.09634252
2023-06,All,All,off,II,Apparel,0.088423607,0.08962353,0.106396972,0.044623928,0.100557087,0.152144655,0.083969022,0.096617043
2023-06,All,All,off,II,Shoes,0.056303114,0.122670664,0.125359244,0.02001964,0.046614631,0.089993765,0.147992466,0.147669282
2023-06,All,All,on,Cash,All,0.064772224,0.053693767,0.150177062,0.116758407,0,0,0,0
2023-06,All,All,on,LL,Apparel,0.132168973,0.12482793,0.058464191,0.189203187,0.057705303,0.083965744,0.100701287,0.076083934
2023-06,All,All,on,LL,Devices,0.113225698,0.096514485,0.015284124,0.124177375,0.171214226,0.065281312,0.170336122,0.148771378
2023-06,All,All,on,LL,Shoes,0.129001428,0.08900386,0.126520325,0.054816952,0.106233492,0.13892108,0.089955552,0.130389337
2023-06,All,All,on,LL,Smart,0.068745372,0.009548881,0.020924054,0.021931406,0.055681438,0.115093629,0.083763911,0.007592511
2023-06,All,All,on,Receivables,All,0.077579411,0.159885186,0.097477793,0.049550063,0,0,0,0
2023-09,All,All,off,GG,Apparel,0.128929914,0.059317184,0.121978633,0.053807454,0.07903638,0.193795408,0.138819917,0.12453329
2023-09,All,All,off,GG,Shoes,0.059939812,0.065815566,0.108765081,0.051414032,0.046785973,0.161371191,0.093526305,0.145085263
2023-09,All,All,off,II,Apparel,0.085142894,0.128741124,0.080965103,0.169336915,0.134233058,0.16203845,0.099231507,0.07766587
2023-09,All,All,off,II,Shoes,0.109678055,0.05215641,0.049675377,0.121502295,0.109254598,0.103287287,0.103659892,0.029657637
2023-09,All,All,on,Cash,All,0.078922134,0.083571262,0.066610658,0.104446918,0,0,0,0
2023-09,All,All,on,LL,Apparel,0.066124983,0.176201501,0.082579702,0.133419133,0.101098074,0.135519372,0.17716983,0.026304127
2023-09,All,All,on,LL,Devices,0.178824687,0.114223633,0.180017818,0.167517661,0.146828087,0.052655321,0.0635354,0.106823767
2023-09,All,All,on,LL,Shoes,0.063728047,0.089759765,0.10226624,0.067066853,0.091365714,0.094544271,0.177974577,0.031724186
2023-09,All,All,on,LL,Smart,0.047450101,0.132145054,0.101650654,0.068836176,0.029240163,0.140870116,0.073711032,0.119325654
2023-09,All,All,on,Receivables,All,0.089144682,0.108115986,0.033691705,0.057599187,0,0,0,0
2023-12,All,All,off,GG,Apparel,0.054779213,0.087033988,0.06690535,0.173419299,0.114520165,0.064654355,0.141312291,0.037747154
2023-12,All,All,off,GG,Shoes,0.163173444,0.131874377,0.138182911,0.098039996,0.106900289,0.088390342,0.061885258,0.107183339
2023-12,All,All,off,II,Apparel,0.130264537,0.126037582,0.070927025,0.131297437,0.100170584,0.105674412,0.172982077,0.011174497
2023-12,All,All,off,II,Shoes,0.106448185,0.036861156,0.125787623,0.156966253,0.133431034,0.127997945,0.066674034,0.075520922
2023-12,All,All,on,Cash,All,0.01200204,0.059755384,0.147485277,0.047457399,0,0,0,0
2023-12,All,All,on,LL,Apparel,0.098661251,0.079581496,0.072315164,0.050322681,0.044019567,0.097464277,0.08016811,0.105525706
2023-12,All,All,on,LL,Devices,0.099175881,0.191188322,0.035910256,0.122592478,0.084727969,0.159359106,0.054077187,0.127880197
2023-12,All,All,on,LL,Shoes,0.077387101,0.04885317,0.10774144,0.162619743,0.072326038,0.166289388,0.108050125,0.1229598
2023-12,All,All,on,LL,Smart,0.141809699,0.060128101,0.080077978,0.104134089,0.161572707,0.04683755,0.149728361,0.134568074
2023-12,All,All,on,Receivables,All,0.10223329,0.08760521,0.137395836,0.158389134,0,0,0,0
2024-03,All,All,off,GG,Apparel,0.06178065,0.157978073,0.029487421,0.100364174,0.097362022,0.091796949,0.100388208,0.132503425
2024-03,All,All,off,GG,Shoes,0.084112144,0.089719144,0.030533923,0.146782376,0.088197083,0.085925677,0.152712828,0.083553545
2024-03,All,All,off,II,Apparel,0.080671448,0.026456198,0.086255793,0.128138008,0.076144435,0.05023585,0.098935427,0.047254251
2024-03,All,All,off,II,Shoes,0.096237976,0.080711875,0.039036225,0.041258431,0.121307318,0.064825704,0.160310742,0.127663334
2024-03,All,All,on,Cash,All,0.038156971,0.102601091,0.144049909,0.148671573,0,0,0,0
2024-03,All,All,on,LL,Apparel,0.153780479,0.056612134,0.098573424,0.091914544,0.13048137,0.064223749,0.086912892,0.100351754
2024-03,All,All,on,LL,Devices,0.095853304,0.100872768,0.086723795,0.089100596,0.04655842,0.050135812,0.124604198,0.127924687
2024-03,All,All,on,LL,Shoes,0.116410758,0.078302902,0.00974044,0.151224373,0.047539122,0.051550192,0.141807232,0.060741523
2024-03,All,All,on,LL,Smart,0.104111344,0.064336439,0.101621203,0.108769889,0.132045357,0.13067505,0.151982906,0.027474729
2024-03,All,All,on,Receivables,All,0.103057523,0.120385676,0.159117723,0.066967021,0,0,0,0
2024-06,All,All,off,GG,Apparel,0.118587379,0.05990751,0.16044904,0.08503706,0.034556126,0.04903782,0.191940913,0.054528903
2024-06,All,All,off,GG,Shoes,0.162177683,0.099583719,0.054606158,0.138398657,0.087921433,0.102279669,0.1004646,0.053353972
2024-06,All,All,off,II,Apparel,0.081749049,0.063130218,0.068163622,0.128251753,0.119657155,0.037313337,0.148549292,0.038910121
2024-06,All,All,off,II,Shoes,0.080956333,0.067443993,0.181651943,0.134300975,0.137559419,0.085745236,0.148502459,0.074376978
2024-06,All,All,on,Cash,All,0.135179155,0.085871901,0.096157571,0.12649317,0,0,0,0
2024-06,All,All,on,LL,Apparel,0.141779454,0.091386894,0.078875264,0.06416767,0.194617379,0.150850572,0.063979937,0.109634247
2024-06,All,All,on,LL,Devices,0.145150713,0.033210838,0.112195767,0.09379893,0.050307905,0.062869723,0.094629005,0.092499224
2024-06,All,All,on,LL,Shoes,0.115079967,0.120102859,0.148419371,0.154804964,0.079689358,0.115112477,0.02913999,0.185781734
2024-06,All,All,on,LL,Smart,0.110147779,0.18224282,0.044870477,0.080379524,0.035896633,0.153651555,0.11492344,0.108593541
2024-06,All,All,on,Receivables,All,0.111747313,0.052087907,0.032939288,0.098960678,0,0,0,0
2024-09,All,All,off,GG,Apparel,0.100879805,0.153982947,0.035253159,0.039577293,0.090844579,0.074431247,0.119978123,0.128590273
2024-09,All,All,off,GG,Shoes,0.049961363,0.178445741,0.014576907,0.157308367,0.089680451,0.143224079,0.182562636,0.173211279
2024-09,All,All,off,II,Apparel,0.105852183,0.122320477,0.142194717,0.053783908,0.132598587,0.101539038,0.153815305,0.113609494
2024-09,All,All,off,II,Shoes,0.110109692,0.165739722,0.05640336,0.152023478,0.185576315,0.185481722,0.072972266,0.165092286
2024-09,All,All,on,Cash,All,0.093600802,0.01359965,0.032466854,0.038493078,0,0,0,0
2024-09,All,All,on,LL,Apparel,0.023269092,0.080342719,0.134459621,0.080792845,0.141273622,0.05541514,0.047391568,0.157320226
2024-09,All,All,on,LL,Devices,0.021601486,0.079376824,0.111401241,0.114750313,0.10674781,0.154903324,0.108094271,0.161100188
2024-09,All,All,on,LL,Shoes,0.020647449,0.090146993,0.088795422,0.112976326,0.14494387,0.072284818,0.155036704,0.071871645
2024-09,All,All,on,LL,Smart,0.087282564,0.104464442,0.039315902,0.116310046,0.071537689,0.069590708,0.031071554,0.144560614
2024-09,All,All,on,Receivables,All,0.124954701,0.09519291,0.141506631,0.160861348,0,0,0,0
2024-12,All,All,off,GG,Apparel,0.149760113,0.070574433,0.138080102,0.123747512,0.166270762,0.128727104,0.140127696,0.050622618
2024-12,All,All,off,GG,Shoes,0.095556913,0.139107018,0.129375318,0.047846678,0.051526394,0.085157944,0.082281346,0.099019749
2024-12,All,All,off,II,Apparel,0.057326789,0.152996214,0.138192742,0.092114718,0.139919899,0.15419007,0.059635368,0.09984697
2024-12,All,All,off,II,Shoes,0.061549048,0.094118561,0.099773327,0.108343541,0.09356239,0.072437119,0.173151178,0.06348705
2024-12,All,All,on,Cash,All,0.143577084,0.111094019,0.127727041,0.01803253,0,0,0,0
2024-12,All,All,on,LL,Apparel,0.067485944,0.158064434,0.078909916,0.097281667,0.085925852,0.097289653,0.068537915,0.041629465
2024-12,All,All,on,LL,Devices,0.132138409,0.138497799,0.140788146,0.099038612,0.141198411,0.125299858,0.09683511,0.120422586
2024-12,All,All,on,LL,Shoes,0.196015534,0.051848281,0.100400928,0.105276078,0.047734843,0.100437838,0.096872923,0.057492216
2024-12,All,All,on,LL,Smart,0.188480446,0.104443985,0.129041018,0.057355085,0.120086117,0.138331219,0.098907771,0.087706016
2024-12,All,All,on,Receivables,All,0.044115494,0.077065608,0.048633152,0.145012135,0,0,0,0
