Date,Division,Type,Item,Function,Amount_total,Amount_1,Amount_2,Amount_3,Income_total,Income_1,Income_2,Income_3
2020-03,France,on,Cash,All,151206.5221,62276.02255,67652.93346,21277.56605,0,0,0,0
2020-03,France,on,Receivables,All,124262.0019,24532.86906,84237.16757,15491.96531,0,0,0,0
2020-03,France,on,LL,Shoes,113158.0103,35101.966,5643.213436,72412.83085,234903.535,72342.50336,62734.47805,99826.55359
2020-03,France,on,LL,Apparel,191350.356,78860.87736,90892.39393,21597.08474,88134.95083,60897.96581,24635.21525,2601.769763
2020-03,France,on,LL,Devices,118941.8513,51866.15134,54410.2334,12665.4666,32433.2741,18946.81216,3460.591098,10025.87084
2020-03,France,on,LL,Smart,47055.81548,22232.31531,15710.43669,9113.063493,165733.5095,7280.89179,74486.3675,83966.25017
2020-03,France,off,GG,Shoes,171687.6457,91305.25037,54193.13336,26189.26195,205211.7107,81520.94473,70676.70165,53014.06436
2020-03,France,off,GG,Apparel,162304.8714,50216.4213,43464.72698,68623.72316,211524.3962,56499.39599,83542.4301,71482.5701
2020-03,France,off,II,Shoes,148323.7552,95714.50692,29631.03639,22978.21191,73372.20276,64949.2184,318.7480312,8104.236326
2020-03,France,off,II,Apparel,195870.3045,4279.35384,99897.65449,91693.29621,98970.85499,41364.15223,22588.68748,35018.01528
2020-03,Stockholm,on,Cash,All,110447.9497,54095.40467,47319.57308,9032.971952,0,0,0,0
2020-03,Stockholm,on,Receivables,All,139464.1906,66154.65903,69091.12705,4218.404513,0,0,0,0
2020-03,Stockholm,on,LL,Shoes,211446.9238,76755.86213,68757.43541,65933.62629,126452.5963,86346.92074,5846.801716,34258.87389
2020-03,Stockholm,on,LL,Apparel,142780.5863,70899.06751,29582.44941,42299.06942,160971.0439,61315.8813,65403.79873,34251.36386
2020-03,Stockholm,on,LL,Devices,155329.9687,67182.58818,49421.39475,38725.98574,185218.6904,21996.6653,94674.33716,68547.68794
2020-03,Stockholm,on,LL,Smart,167673.4091,40019.97741,98540.18473,29113.24693,129333.7224,21584.59371,38865.97339,68883.15534
2020-03,Stockholm,off,GG,Shoes,112456.6022,23022.08922,22903.8542,66530.65874,170032.2898,81660.92731,4527.28963,83844.07287
2020-03,Stockholm,off,GG,Apparel,195148.1683,76846.22787,92393.0964,25908.84406,148584.6079,43336.04288,91222.41958,14026.14545
2020-03,Stockholm,off,II,Shoes,171860.7512,67065.6363,89417.53219,15377.58269,128100.2271,42099.21692,27138.97845,58862.03177
2020-03,Stockholm,off,II,Apparel,124516.4822,76395.21876,18999.78984,29121.47359,239004.6855,42829.30766,99514.63431,96660.74353
2020-06,France,on,Cash,All,30354.34488,62028.8822,45343.72266,54328.97089,0,0,0,0
2020-06,France,on,Receivables,All,90576.63359,55082.32651,52716.92393,61162.11388,0,0,0,0
2020-06,France,on,LL,Shoes,38747.12214,83844.33575,88265.32231,40759.18305,55308.91621,62987.56111,82098.96241,19616.28596
2020-06,France,on,LL,Apparel,49969.32864,7868.195401,13812.6298,96186.76465,94209.37082,68792.49134,75953.19727,74294.29746
2020-06,France,on,LL,Devices,84711.01079,89811.39979,4595.770235,24214.53157,12523.7164,6310.734027,79582.07763,70195.21864
2020-06,France,on,LL,Smart,5255.988883,43738.05851,23403.85219,44160.24095,43107.27814,72210.26212,52165.16316,24042.07553
2020-06,France,off,GG,Shoes,44354.63654,61444.91637,78541.13122,56107.98015,69320.14119,24034.3694,45473.49578,45203.3736
2020-06,France,off,GG,Apparel,81421.25171,34293.20042,33377.56292,34588.16581,57790.49777,11986.97355,93752.8806,94888.67407
2020-06,France,off,II,Shoes,49292.36964,8063.554436,25037.18258,51574.95787,13630.77518,92767.09988,2376.771241,76772.5287
2020-06,France,off,II,Apparel,67049.10893,97379.94884,55324.38069,49776.5709,17230.49361,58071.04987,44236.35076,23901.07115
2020-06,Stockholm,on,Cash,All,46899.19382,32706.01998,31999.413,84998.54045,0,0,0,0
2020-06,Stockholm,on,Receivables,All,39872.20288,24344.31442,42960.44349,40812.52605,0,0,0,0
2020-06,Stockholm,on,LL,Shoes,16291.65214,35143.83821,98046.05788,8159.20845,68289.97682,19939.41024,22700.26797,38769.55336
2020-06,Stockholm,on,LL,Apparel,20854.14937,22698.8212,59444.27667,80641.93871,19070.42952,70133.66477,14085.01338,29608.08114
2020-06,Stockholm,on,LL,Devices,81891.39622,3767.073442,94070.10758,68774.18932,76672.03107,34894.43359,72433.42247,63298.63734
2020-06,Stockholm,on,LL,Smart,98351.68314,95527.0018,20041.27568,80788.55867,84957.97452,41350.59166,72420.94811,49729.56263
2020-06,Stockholm,off,GG,Shoes,18773.05168,28549.23803,66590.69344,39171.03138,89560.43497,21673.64386,23546.33361,9224.586918
2020-06,Stockholm,off,GG,Apparel,65778.07985,33664.97393,32808.83774,16050.55123,38438.43575,83910.90015,54925.14729,59970.40805
2020-06,Stockholm,off,II,Shoes,29506.58117,53014.6072,2656.348734,20568.39868,78077.74974,24854.71511,84406.90134,82924.98732
2020-06,Stockholm,off,II,Apparel,82502.29035,22365.57577,57267.77844,20651.85314,89830.62839,79982.35865,82724.31405,97542.06319
2020-09,France,on,Cash,All,16187.75614,8550.75931,68470.05001,53173.04418,0,0,0,0
2020-09,France,on,Receivables,All,20820.9909,54434.26248,99960.90403,61217.29649,0,0,0,0
2020-09,France,on,LL,Shoes,99143.17133,66243.28003,76543.31433,47381.26979,12986.05262,67677.96786,79008.04291,50337.60139
2020-09,France,on,LL,Apparel,56805.79826,30946.01849,36571.15693,90168.29346,24436.0885,31301.50906,59707.56207,27425.21076
2020-09,France,on,LL,Devices,19046.06722,92355.36262,82685.77705,3092.528563,92726.69124,82811.23861,1254.162561,28165.48002
2020-09,France,on,LL,Smart,79200.40677,79642.1522,22487.16387,75844.70078,48010.1884,72402.52116,27022.4411,49110.40937
2020-09,France,off,GG,Shoes,87639.37909,13768.3473,81002.07782,66725.65353,10848.80127,40510.53774,37210.33219,5774.671505
2020-09,France,off,GG,Apparel,62654.66347,80555.88088,32855.11589,93894.9713,31154.24357,71623.48907,28997.24809,27194.26221
2020-09,France,off,II,Shoes,5231.265942,23436.94418,25208.31851,35247.81474,23192.44178,18307.0537,93332.39701,28929.05668
2020-09,France,off,II,Apparel,20828.24049,40516.77392,39211.15988,72601.6118,38723.69611,73885.89478,20655.40385,57911.57955
2020-09,Stockholm,on,Cash,All,1839.49341,87669.57359,26593.19819,65506.6611,0,0,0,0
2020-09,Stockholm,on,Receivables,All,81309.89968,65312.76692,66617.21594,45969.95063,0,0,0,0
2020-09,Stockholm,on,LL,Shoes,82649.46589,21536.95637,84186.24966,9886.35558,72130.03151,93297.01113,30745.5623,69703.75149
2020-09,Stockholm,on,LL,Apparel,24918.93745,39940.31204,41047.40823,55709.22234,60259.81507,50125.72399,22111.41841,55578.90186
2020-09,Stockholm,on,LL,Devices,85686.98727,92193.87582,18172.94321,26081.14488,45260.42766,27529.65262,72410.94207,30768.20699
2020-09,Stockholm,on,LL,Smart,38568.69128,21774.36589,454.346369,13825.20045,67868.51671,34609.66053,57143.45269,88896.95835
2020-09,Stockholm,off,GG,Shoes,80877.57634,53252.05169,46486.34607,36868.96241,46361.56516,10247.20864,65108.13294,18647.8015
2020-09,Stockholm,off,GG,Apparel,82194.21865,32667.91988,25164.12642,44602.92093,91720.07832,48056.5888,11848.07284,89707.65283
2020-09,Stockholm,off,II,Shoes,82326.4108,31852.31355,87459.65583,28972.1116,78070.56271,59463.58284,49787.81545,23670.67474
2020-09,Stockholm,off,II,Apparel,48264.19409,98411.99995,18855.8302,43511.69146,97151.12523,50620.27546,40182.768,27690.76461
2020-12,France,on,Cash,All,46761.51016,79250.81909,6110.707875,4468.494237,0,0,0,0
2020-12,France,on,Receivables,All,58342.57593,35989.40364,82631.41399,27919.78129,0,0,0,0
2020-12,France,on,LL,Shoes,78183.70343,4357.889109,50792.13584,22114.93536,5835.066808,24875.98756,4732.192045,27514.22582
2020-12,France,on,LL,Apparel,43794.08117,82269.52148,13906.09468,49655.51745,20805.86226,49151.65306,67565.16263,18568.30424
2020-12,France,on,LL,Devices,97961.64311,55523.76682,80874.50261,93516.38114,12328.82192,56721.81806,54526.62456,83059.53313
2020-12,France,on,LL,Smart,82196.00807,30637.829,87912.23523,39767.66311,16161.77122,48150.25028,91267.16503,71542.46692
2020-12,France,off,GG,Shoes,55838.30796,79804.39197,40188.70331,70361.90696,62040.90769,53601.37597,98780.94388,36131.73472
2020-12,France,off,GG,Apparel,60213.18188,89091.38854,46823.69748,7316.033476,11143.18497,77966.51463,77519.90619,68933.79059
2020-12,France,off,II,Shoes,49688.39152,17814.12841,16376.74021,12589.39623,82413.60479,44301.39451,56500.13411,31518.45253
2020-12,France,off,II,Apparel,56533.37602,58790.82554,43684.75759,69425.12073,37052.7913,34507.47524,71380.72487,77284.52567
2020-12,Stockholm,on,Cash,All,91406.40721,18473.72914,61149.66544,55644.49152,0,0,0,0
2020-12,Stockholm,on,Receivables,All,48141.49382,80571.87597,30563.29373,40308.16438,0,0,0,0
2020-12,Stockholm,on,LL,Shoes,17637.6851,18735.57256,79500.06376,91812.07031,78958.93443,18462.39712,53878.55596,32547.44764
2020-12,Stockholm,on,LL,Apparel,17722.43817,52468.35106,18907.7167,20864.63843,61937.60807,66621.53968,96915.89574,4424.929933
2020-12,Stockholm,on,LL,Devices,84364.5331,30085.72631,42400.6918,74946.02839,51486.19712,61116.47699,32985.3281,47182.12349
2020-12,Stockholm,on,LL,Smart,8452.218788,77944.4128,717.7778729,2472.091889,33099.4771,58958.33512,48507.21751,26587.24062
2020-12,Stockholm,off,GG,Shoes,12728.63371,54763.25407,41963.6751,56103.33758,59595.53213,55391.79553,87954.98727,12113.8661
2020-12,Stockholm,off,GG,Apparel,69188.86003,80.74704248,38940.95193,52223.26064,24025.54992,80518.30348,68851.72716,7006.969529
2020-12,Stockholm,off,II,Shoes,58937.97471,55514.63033,27990.12462,5090.00111,360.3386106,97790.78353,72660.15439,3962.54494
2020-12,Stockholm,off,II,Apparel,50122.6572,14955.0409,86.69681473,48748.26858,77192.23286,39120.40008,10060.84065,60199.78683
2021-03,France,on,Cash,All,85376.01304,99752.12957,1546.020483,8501.282457,0,0,0,0
2021-03,France,on,Receivables,All,86250.73427,75174.7076,73771.96517,823.012305,0,0,0,0
2021-03,France,on,LL,Shoes,99517.30286,16368.40822,38256.90297,132.9143253,74305.61378,38634.02813,54873.96975,25515.47357
2021-03,France,on,LL,Apparel,31603.31828,42025.70423,32188.85944,2311.485218,83211.98221,76906.01969,79362.54498,62480.06285
2021-03,France,on,LL,Devices,545.7936488,39029.87801,29152.50097,49179.88947,60872.10878,51390.49978,19660.28688,53251.34696
2021-03,France,on,LL,Smart,25023.83896,27541.86233,97538.73789,54577.38656,11590.89921,96023.7162,24209.42154,88605.77934
2021-03,France,off,GG,Shoes,31210.11132,78667.94403,17506.26742,26765.72157,16706.68292,70198.306,21748.20261,59535.19596
2021-03,France,off,GG,Apparel,11084.90794,81893.33856,58003.56641,927.6261034,88151.24527,80194.87105,45650.37141,63655.18956
2021-03,France,off,II,Shoes,4136.227213,89229.98439,86598.02263,2322.261007,28638.22679,49584.36688,17490.88635,36630.57683
2021-03,France,off,II,Apparel,6028.365864,8445.584052,3777.810775,96413.52899,90881.84759,6509.972913,60489.69899,8944.526834
2021-03,Stockholm,on,Cash,All,75768.91476,235.9867507,39917.89903,84190.97196,0,0,0,0
2021-03,Stockholm,on,Receivables,All,65592.97401,5204.433193,66774.19786,52980.08267,0,0,0,0
2021-03,Stockholm,on,LL,Shoes,62534.10853,19086.27049,64594.07842,31816.6937,65905.85978,23534.67345,50181.11319,50935.13258
2021-03,Stockholm,on,LL,Apparel,43160.16367,29604.52909,24289.22913,90862.16307,34260.85892,2812.986508,62221.79718,17399.81424
2021-03,Stockholm,on,LL,Devices,84652.6093,35822.38214,73182.97121,92966.40634,82305.20529,71072.20136,25456.08098,40735.34718
2021-03,Stockholm,on,LL,Smart,54525.72175,82199.21642,64859.4784,25188.90249,75882.5011,35185.83936,40356.82242,72757.97589
2021-03,Stockholm,off,GG,Shoes,52853.12604,76188.37347,74395.7195,69711.27459,49306.92157,16122.16945,20375.7135,76733.47675
2021-03,Stockholm,off,GG,Apparel,6646.269215,67757.81398,95016.99762,20455.79246,60499.03659,49948.89413,5574.001777,58870.53983
2021-03,Stockholm,off,II,Shoes,21897.15232,98675.12051,553.442916,88212.55585,10723.69265,34167.27817,67027.01025,57447.59062
2021-03,Stockholm,off,II,Apparel,48138.99501,2412.012661,82555.10046,14016.94541,5874.439892,25110.27256,37709.40986,16524.36628
2021-06,France,on,Cash,All,91585.4309,68465.94052,6884.632345,35024.43082,0,0,0,0
2021-06,France,on,Receivables,All,99733.88434,76215.66059,51463.76496,81725.28866,0,0,0,0
2021-06,France,on,LL,Shoes,97418.00552,29946.1685,73399.30246,26007.11396,72969.76253,12562.52227,1204.070842,42360.32433
2021-06,France,on,LL,Apparel,95412.05744,1609.83971,6630.131224,46624.03164,72497.4902,59073.45857,14168.28392,32275.17165
2021-06,France,on,LL,Devices,31291.47767,32748.73667,86519.68522,21653.83028,76747.32273,33053.83265,89541.46266,64058.52514
2021-06,France,on,LL,Smart,491.1819294,95628.45185,5654.793778,42070.91007,25161.20455,27420.72874,72897.36027,14259.8658
2021-06,France,off,GG,Shoes,17243.15779,5351.695005,93369.39663,46445.41426,5978.631837,22493.70185,41261.78331,7.930423826
2021-06,France,off,GG,Apparel,4910.816428,55013.98912,67202.72862,86308.29446,61383.71415,72008.50656,6667.837853,87304.08503
2021-06,France,off,II,Shoes,2924.988357,42074.1987,29057.47048,38228.73119,57642.31294,13282.31008,15866.31075,69881.73617
2021-06,France,off,II,Apparel,61947.99214,90737.10347,42144.07569,74142.63328,87712.70239,21496.43811,51027.5788,20072.62298
2021-06,Stockholm,on,Cash,All,65220.28085,1822.413953,31122.16838,50561.43517,0,0,0,0
2021-06,Stockholm,on,Receivables,All,6330.215039,55888.78772,70360.9845,21398.35128,0,0,0,0
2021-06,Stockholm,on,LL,Shoes,70690.1396,32552.28877,64352.96289,47476.21739,54551.72042,23771.68469,31580.86825,71607.7419
2021-06,Stockholm,on,LL,Apparel,65695.16029,74403.69395,27866.02766,88827.21762,51606.1626,97255.60054,74941.712,94768.51559
2021-06,Stockholm,on,LL,Devices,33069.33519,95659.43483,49913.3972,20985.11876,79342.12928,55022.82848,83577.09556,22737.06949
2021-06,Stockholm,on,LL,Smart,32350.79621,3231.468604,4184.807359,1489.206024,26746.49756,4852.267878,73637.462,82620.45512
2021-06,Stockholm,off,GG,Shoes,78912.35007,35353.09175,69198.63607,75579.92674,96083.83932,20557.6673,16949.70038,50886.25073
2021-06,Stockholm,off,GG,Apparel,40150.85879,27072.06523,40420.43969,72382.9679,43910.94102,48703.16456,40738.28759,96785.48838
2021-06,Stockholm,off,II,Shoes,97302.6897,28098.2697,13581.87126,34970.5814,56657.26643,7282.612139,55982.57815,21738.08126
2021-06,Stockholm,off,II,Apparel,93062.63262,84765.45114,63630.87711,5769.971012,74377.92603,90663.32004,36645.36308,5539.799434
2021-09,France,on,Cash,All,47836.10785,36806.38117,54038.01624,36381.94949,0,0,0,0
2021-09,France,on,Receivables,All,97454.93354,93073.85789,35584.1644,31261.41685,0,0,0,0
2021-09,France,on,LL,Shoes,35824.75355,94688.22508,89952.11979,54855.54388,69054.86391,29793.80427,54815.9734,26062.86709
2021-09,France,on,LL,Apparel,18854.40502,13565.85653,76774.45084,88419.91466,40143.80762,11956.74985,67333.53718,1946.561764
2021-09,France,on,LL,Devices,74255.5037,51547.37604,20791.11532,4521.86553,4697.875665,35214.88407,28117.58805,81356.69385
2021-09,France,on,LL,Smart,45624.46587,43824.62957,69279.75318,95718.7011,85293.56804,4326.139746,68198.20303,9262.570082
2021-09,France,off,GG,Shoes,65788.39324,58218.94118,23002.41157,52474.35474,31203.80762,84997.79583,55351.00868,21795.31089
2021-09,France,off,GG,Apparel,22527.11383,17408.30366,95712.12851,85571.4254,68351.61626,30144.73951,1252.469509,47713.63832
2021-09,France,off,II,Shoes,50373.96854,79668.66831,83433.37052,50579.49288,80329.36655,26031.17556,72907.75665,62695.40895
2021-09,France,off,II,Apparel,32267.73682,99371.48874,88617.8942,50990.40431,42152.68434,82597.39321,52288.4962,27240.84698
2021-09,Stockholm,on,Cash,All,48063.63224,70177.88849,83638.5021,73724.1089,0,0,0,0
2021-09,Stockholm,on,Receivables,All,43946.6484,69744.95462,6408.711928,41091.31451,0,0,0,0
2021-09,Stockholm,on,LL,Shoes,38673.74609,34042.79848,45825.34431,2663.691167,56890.55128,54455.06561,53009.50379,11450.4361
2021-09,Stockholm,on,LL,Apparel,65426.28118,96580.48024,93779.42414,27901.45367,94494.83896,86076.68623,34456.15688,81753.39767
2021-09,Stockholm,on,LL,Devices,70081.52868,87258.0654,32596.44232,28542.41788,10707.9621,49467.20747,46197.63959,35518.06466
2021-09,Stockholm,on,LL,Smart,75117.24354,57314.46997,4126.630105,24040.66125,7107.200965,95836.81968,30764.44976,5485.552288
2021-09,Stockholm,off,GG,Shoes,6519.612883,1671.473536,56927.94256,10361.08297,7205.580838,31074.96092,56094.93408,73833.30272
2021-09,Stockholm,off,GG,Apparel,44767.77435,14846.63493,21420.31975,14336.63784,37644.68482,31702.87961,92501.68052,90752.68436
2021-09,Stockholm,off,II,Shoes,88306.92088,15325.06189,28779.72448,51058.65496,13842.7796,48645.38339,87990.27088,63132.10396
2021-09,Stockholm,off,II,Apparel,71647.27969,37272.32108,15130.79032,89932.89962,20153.10261,19660.23148,68839.28078,13057.25572
2021-12,France,on,Cash,All,54173.34417,7342.440382,70541.77258,32023.42019,0,0,0,0
2021-12,France,on,Receivables,All,49484.63815,78720.11629,2471.4714,13192.86897,0,0,0,0
2021-12,France,on,LL,Shoes,22359.39482,59893.98355,29553.44961,17853.73783,74065.05853,16172.12112,29442.29278,24591.21069
2021-12,France,on,LL,Apparel,90315.2621,26014.12839,56094.13254,13249.68152,72240.37326,96931.71243,7213.358411,9873.650101
2021-12,France,on,LL,Devices,17952.95623,47285.79096,10014.63207,48349.96889,71044.31442,38709.42089,12954.05197,34117.59619
2021-12,France,on,LL,Smart,37612.00776,24523.52217,60472.46942,99632.49488,48139.19201,3663.643269,76467.83219,63225.89287
2021-12,France,off,GG,Shoes,31067.11825,4802.725824,57271.77288,61672.3377,54419.78776,52543.9775,76846.85177,94154.47185
2021-12,France,off,GG,Apparel,55573.2613,62217.58985,63528.51655,50486.78448,39975.29457,79050.07528,63450.17122,57150.39241
2021-12,France,off,II,Shoes,36257.22633,55822.40809,72757.28444,4620.581597,2131.264108,90964.84553,61508.62262,2053.074937
2021-12,France,off,II,Apparel,52254.34319,82248.99385,6501.192328,19343.56855,41270.28067,33523.62672,99242.23001,52259.00408
2021-12,Stockholm,on,Cash,All,44250.22462,7613.710277,60878.8096,81670.28879,0,0,0,0
2021-12,Stockholm,on,Receivables,All,83791.01601,48856.68685,84205.82118,53259.75973,0,0,0,0
2021-12,Stockholm,on,LL,Shoes,90406.3209,70177.97504,35798.25841,46454.40765,85414.82269,22829.22133,3548.388659,32726.31782
2021-12,Stockholm,on,LL,Apparel,24490.70585,64812.2453,9492.143481,19602.62885,40412.61806,19304.53596,66096.48152,68764.81321
2021-12,Stockholm,on,LL,Devices,67274.49287,14810.23906,28836.05095,16373.30543,40435.33996,96935.05867,25617.59953,10717.88688
2021-12,Stockholm,on,LL,Smart,5009.841454,51983.22102,8648.50444,37643.63099,84875.62372,24359.22767,63587.67239,10030.30304
2021-12,Stockholm,off,GG,Shoes,72827.42736,34580.97931,74592.71099,28628.15699,28227.67695,47538.49785,60191.29331,5104.348657
2021-12,Stockholm,off,GG,Apparel,7851.410093,29656.20472,48157.77532,15194.14128,34998.07861,73290.9756,59753.78406,11889.31654
2021-12,Stockholm,off,II,Shoes,61560.99577,52311.56881,26549.88238,57729.87934,55000.29426,50917.84276,33368.04712,66524.64662
2021-12,Stockholm,off,II,Apparel,999.2724067,29289.14614,28362.95655,71019.21388,99585.00263,37485.00153,81606.08595,46158.70682
2022-03,France,on,Cash,All,30293.85958,10015.50366,29561.05344,28623.29904,0,0,0,0
2022-03,France,on,Receivables,All,75750.5884,57266.43415,63059.40456,628.9916206,0,0,0,0
2022-03,France,on,LL,Shoes,40594.92915,76540.93851,26668.60851,30825.10682,33822.91244,26068.5587,30469.92061,48955.68968
2022-03,France,on,LL,Apparel,57451.16142,52854.91844,95792.73581,64568.41984,26028.85578,23907.12337,1797.142242,80827.52239
2022-03,France,on,LL,Devices,99782.64143,72172.08566,21298.78236,6795.043056,49932.39545,3965.410008,62394.2652,47078.46711
2022-03,France,on,LL,Smart,28628.85554,30650.58043,27532.99555,73213.89594,95529.76561,48307.04174,90080.51324,54930.6222
2022-03,France,off,GG,Shoes,69594.77798,2628.036288,53012.89537,22659.78747,52542.3588,54945.64342,52245.77299,87090.90439
2022-03,France,off,GG,Apparel,69631.37867,91692.63979,3636.554757,11562.43881,34023.6107,22751.04417,80196.9901,70253.92565
2022-03,France,off,II,Shoes,7939.972583,27004.23231,60718.37004,91720.14997,62458.77686,20273.95346,78457.92081,64337.77167
2022-03,France,off,II,Apparel,51851.48081,63101.49556,20241.08771,57788.27825,22141.33285,64722.18439,26938.51188,65323.72698
2022-03,Stockholm,on,Cash,All,50986.17921,85068.23284,81539.12735,92489.46604,0,0,0,0
2022-03,Stockholm,on,Receivables,All,9456.943055,45241.61655,13092.06642,90727.53794,0,0,0,0
2022-03,Stockholm,on,LL,Shoes,69255.64016,8289.377627,50706.18995,99701.85153,54893.53641,11790.25807,33256.99028,69929.27904
2022-03,Stockholm,on,LL,Apparel,76320.87614,99246.98972,30666.42638,50881.16259,89954.70255,51277.60476,51645.66745,99666.80078
2022-03,Stockholm,on,LL,Devices,24001.34385,78705.58449,32711.68606,34832.86364,62256.16861,28917.28244,77221.39794,81144.18106
2022-03,Stockholm,on,LL,Smart,74735.58099,9145.581307,19564.61581,79315.23975,60482.98043,95293.5433,68388.15851,63397.35149
2022-03,Stockholm,off,GG,Shoes,90382.82599,23685.0551,33407.8445,50210.6752,75367.41427,95180.70239,15940.5518,10303.2279
2022-03,Stockholm,off,GG,Apparel,36854.26076,36464.63486,81658.31055,5250.415369,37106.93734,3554.557975,90115.70225,57113.29829
2022-03,Stockholm,off,II,Shoes,25092.01404,33653.01351,24909.30237,88995.92627,67761.15023,46995.70795,53957.35486,27801.63041
2022-03,Stockholm,off,II,Apparel,17080.50953,96680.53479,80360.69459,3710.720493,83706.18524,82123.6105,36468.67552,62280.39199
2022-06,France,on,Cash,All,5007.296455,26477.95123,23212.29576,87691.93922,0,0,0,0
2022-06,France,on,Receivables,All,81793.87583,69383.32147,74480.92924,24036.99954,0,0,0,0
2022-06,France,on,LL,Shoes,94882.77,96540.21824,25895.7125,14692.93206,57368.89228,14968.88917,87389.77253,28996.16117
2022-06,France,on,LL,Apparel,56411.0893,22653.66825,72867.0708,28144.19225,18523.41152,32143.56263,53142.3672,33777.3281
2022-06,France,on,LL,Devices,27947.06082,68589.46331,79139.12767,84175.21129,97692.12731,39178.41197,94440.02479,21260.05686
2022-06,France,on,LL,Smart,43116.39938,48035.8132,76619.35907,60225.47863,83357.32858,48370.00405,80102.94666,94305.93006
2022-06,France,off,GG,Shoes,80415.48904,49202.59889,91564.78322,25837.75842,59127.7438,8069.313601,840.5936389,77562.19523
2022-06,France,off,GG,Apparel,96592.38605,5221.519388,75507.06001,26185.95241,55902.45351,26328.9223,93467.16996,28938.52634
2022-06,France,off,II,Shoes,82897.06469,94340.05325,85071.06757,96199.71529,19823.81674,52513.00758,1856.663935,75477.48848
2022-06,France,off,II,Apparel,23110.56016,33147.25318,1303.234673,67043.21452,8212.644655,3429.375843,93301.46798,10886.21727
2022-06,Stockholm,on,Cash,All,17454.61749,5464.274173,79719.48581,96606.52758,0,0,0,0
2022-06,Stockholm,on,Receivables,All,36025.33537,28673.67463,93836.47537,73011.54118,0,0,0,0
2022-06,Stockholm,on,LL,Shoes,9837.211975,47707.09062,92595.11398,91018.05239,6425.862588,44376.92993,87325.07994,15243.1742
2022-06,Stockholm,on,LL,Apparel,52478.38186,97274.68479,539.1741573,9253.777828,95942.39994,5072.622057,83177.47384,18541.30333
2022-06,Stockholm,on,LL,Devices,87649.86267,50747.0963,93933.0143,49850.63078,22786.62068,73049.53543,97326.74345,22878.65174
2022-06,Stockholm,on,LL,Smart,16286.32511,98683.94118,53550.47064,99672.41409,3046.877711,87387.03809,61853.18964,43709.3634
2022-06,Stockholm,off,GG,Shoes,77461.53854,73269.1833,33581.27574,86876.01935,59083.11824,75407.82685,10963.44219,17297.14898
2022-06,Stockholm,off,GG,Apparel,65516.40155,98954.45728,57586.57605,92583.9771,30210.04254,99227.07703,21324.94282,94885.56094
2022-06,Stockholm,off,II,Shoes,74987.06731,93918.16129,65209.85832,61113.88638,29084.83687,45647.3592,95066.41519,76779.56958
2022-06,Stockholm,off,II,Apparel,69374.05579,80045.04063,3203.775643,55357.83858,90757.17418,6189.425632,76939.60274,74471.4466
2022-09,France,on,Cash,All,19864.95008,42367.76353,79835.13581,48299.03811,0,0,0,0
2022-09,France,on,Receivables,All,50492.2353,10379.00756,10177.15728,9387.291867,0,0,0,0
2022-09,France,on,LL,Shoes,92126.67561,51609.23086,14045.69412,32874.53845,60869.32135,49025.91255,48018.45272,65116.71133
2022-09,France,on,LL,Apparel,81248.95305,27717.54992,11024.76492,6577.438833,43947.77656,53941.86991,61376.59672,48973.3741
2022-09,France,on,LL,Devices,12038.1251,95432.32256,17709.56835,82481.84451,10084.85183,92978.83861,29661.0057,59069.05805
2022-09,France,on,LL,Smart,48877.75872,38653.10986,76768.35496,46147.03622,75881.15517,94119.52207,25504.61072,88126.55146
2022-09,France,off,GG,Shoes,79949.2829,49873.65188,35053.66152,48239.36583,84261.63316,45263.43849,64497.64115,74617.25202
2022-09,France,off,GG,Apparel,47171.33666,6748.607614,30723.21165,13166.97882,36211.4184,13897.19082,20195.70676,23329.30438
2022-09,France,off,II,Shoes,11058.55121,47439.13131,99650.88717,17711.04578,27800.53809,95749.84624,7080.259512,47650.8833
2022-09,France,off,II,Apparel,94160.58698,8788.277147,74081.13329,69063.19912,68093.93344,63408.30714,12055.73432,49825.85189
2022-09,Stockholm,on,Cash,All,19236.02521,3199.02182,52827.35829,52246.55095,0,0,0,0
2022-09,Stockholm,on,Receivables,All,63253.38542,92206.22281,47331.94203,53037.1102,0,0,0,0
2022-09,Stockholm,on,LL,Shoes,6627.57436,48315.20481,46374.51801,14561.43117,43489.40319,1265.662307,56616.66446,97850.10155
2022-09,Stockholm,on,LL,Apparel,10227.63416,24444.58678,11206.69105,25204.31885,80327.12668,42550.29986,95626.33606,56844.0684
2022-09,Stockholm,on,LL,Devices,95122.23543,22864.58111,76547.28437,21637.95093,62402.50667,65037.54076,79347.60453,87934.54185
2022-09,Stockholm,on,LL,Smart,46206.31772,86709.65046,69961.23081,29689.06739,79191.25727,157.7679138,43270.31896,63916.90822
2022-09,Stockholm,off,GG,Shoes,71023.93928,53013.47636,58643.75538,47661.45446,59921.03149,79783.81421,28779.01304,35976.38246
2022-09,Stockholm,off,GG,Apparel,18183.83799,85799.55533,64277.38414,62834.32266,57449.64216,13508.03615,11500.42575,38925.3809
2022-09,Stockholm,off,II,Shoes,7617.474237,95977.99226,31756.56034,66998.9727,14752.2894,8095.474346,34249.52696,82229.28023
2022-09,Stockholm,off,II,Apparel,88332.38643,90350.80956,13512.39244,26320.99549,41804.35785,89717.72426,16454.61099,33812.4664
2022-12,France,on,Cash,All,55993.82173,26783.74524,42461.9786,63941.50505,0,0,0,0
2022-12,France,on,Receivables,All,29161.50112,30452.69152,8551.550502,31481.88283,0,0,0,0
2022-12,France,on,LL,Shoes,89958.20247,51460.13382,64404.00438,55007.62969,29698.69206,63373.7898,78551.2352,23777.41714
2022-12,France,on,LL,Apparel,75129.16198,25624.27656,63393.21787,33874.97776,5977.490021,60704.608,81711.15997,20748.23414
2022-12,France,on,LL,Devices,53783.16232,96957.27983,37515.43314,20582.43804,23407.73664,96176.16355,91435.18776,11229.66214
2022-12,France,on,LL,Smart,83085.93357,24356.22099,16062.14205,90144.56882,93750.31028,45350.14721,25777.83275,4451.712423
2022-12,France,off,GG,Shoes,55220.29486,9015.327959,21105.57356,85217.2197,96730.54822,34861.9578,85383.94045,84435.85102
2022-12,France,off,GG,Apparel,3672.036892,11239.52985,42281.41029,72253.86232,91119.30761,34792.20052,60282.66119,4807.744449
2022-12,France,off,II,Shoes,33044.51864,13036.79846,29565.29385,76472.56758,99951.67708,93672.63379,61351.37805,58649.33881
2022-12,France,off,II,Apparel,44802.31992,1774.193203,1195.106649,76018.30457,11959.09846,75910.96927,20444.98404,99636.53274
2022-12,Stockholm,on,Cash,All,93477.67348,10195.5092,75359.03066,60906.20826,0,0,0,0
2022-12,Stockholm,on,Receivables,All,63995.29456,51876.60469,70588.13681,22480.51417,0,0,0,0
2022-12,Stockholm,on,LL,Shoes,19351.26455,22292.75055,34753.9009,48628.76169,74663.82755,33117.2397,38569.39927,75787.45465
2022-12,Stockholm,on,LL,Apparel,18983.93847,24014.73286,71860.55296,34156.21662,83346.85167,27335.47627,28520.88224,60239.06177
2022-12,Stockholm,on,LL,Devices,566.4205422,17986.92744,48423.94266,76182.08776,68127.27283,6639.622993,3892.769865,35790.82082
2022-12,Stockholm,on,LL,Smart,86972.41436,97796.96816,5470.751341,23045.83697,20306.07579,87630.82534,48823.64593,76135.46575
2022-12,Stockholm,off,GG,Shoes,70669.7873,78354.31399,15761.03659,93186.3537,90451.75598,28229.37564,36477.71239,48792.53868
2022-12,Stockholm,off,GG,Apparel,6618.929217,90039.31912,56253.49091,57277.39043,34071.75331,46391.97986,12652.60203,47380.16295
2022-12,Stockholm,off,II,Shoes,53754.30335,86580.56221,95141.1114,96991.20521,40951.39786,98075.82085,68071.37707,94836.19972
2022-12,Stockholm,off,II,Apparel,23997.92988,91180.76002,69518.5047,30816.26984,97734.63031,31487.53253,91268.22778,9111.369157
2023-03,France,on,Cash,All,94901.97854,95410.68486,63835.89939,36282.89716,0,0,0,0
2023-03,France,on,Receivables,All,62641.68666,89960.80324,33918.0912,16563.49568,0,0,0,0
2023-03,France,on,LL,Shoes,29064.8878,42939.84973,26829.72228,36405.52164,36188.07889,37463.62092,1174.938433,65724.94181
2023-03,France,on,LL,Apparel,59172.34654,71518.41774,14008.75034,67859.21223,55582.37954,38707.16902,59539.33319,85438.49902
2023-03,France,on,LL,Devices,95459.14782,58067.69299,59270.4993,47937.31931,10535.14335,16435.85773,79382.25162,7274.644374
2023-03,France,on,LL,Smart,96110.69141,6116.525762,91246.62981,80936.76698,98541.88983,70885.23149,87761.00204,16295.91121
2023-03,France,off,GG,Shoes,89815.73816,52455.82405,58771.34481,25765.96324,55563.9948,65170.69919,8840.052873,57286.10589
2023-03,France,off,GG,Apparel,58382.34926,14493.4013,3414.40735,73344.37345,17855.84312,96041.97837,29274.19381,40642.44849
2023-03,France,off,II,Shoes,69661.39243,33982.75733,63734.30509,54873.09784,84075.01746,71904.34749,54052.51648,32420.83922
2023-03,France,off,II,Apparel,10263.81562,20287.51281,22419.30057,69400.06144,80313.48046,31797.57268,99515.52145,48132.95263
2023-03,Stockholm,on,Cash,All,93654.15367,60089.86394,64889.27761,25512.63917,0,0,0,0
2023-03,Stockholm,on,Receivables,All,48818.57798,97995.10994,54879.10196,77375.84144,0,0,0,0
2023-03,Stockholm,on,LL,Shoes,52643.50064,69525.87207,15605.58673,71919.85067,79151.1126,43538.93041,81379.23427,65813.48253
2023-03,Stockholm,on,LL,Apparel,50429.51084,7908.940599,898.3380023,56914.04539,4533.441481,82506.36176,22949.36696,435.9829538
2023-03,Stockholm,on,LL,Devices,69072.71875,95252.21336,83817.66742,22340.82474,4536.470924,25374.7553,34000.28726,68686.74588
2023-03,Stockholm,on,LL,Smart,7606.79765,7078.270278,55714.57178,61922.40943,59900.66862,95978.78043,39810.37112,92506.75957
2023-03,Stockholm,off,GG,Shoes,32499.46854,72706.90564,47095.40611,90825.26911,20785.02256,10866.49724,23639.4489,64294.61157
2023-03,Stockholm,off,GG,Apparel,68843.83036,43771.51128,52615.16734,21722.51694,69303.23267,94275.63136,52031.93777,65022.34024
2023-03,Stockholm,off,II,Shoes,35519.85127,54517.2977,20778.45652,54023.16451,45404.64397,88467.93936,33670.35616,16649.20585
2023-03,Stockholm,off,II,Apparel,61884.19753,88391.04973,48545.48105,1229.391739,50123.05262,52909.51294,29941.47904,62820.53788
2023-06,France,on,Cash,All,29279.59064,4060.684156,84301.84686,72111.31363,0,0,0,0
2023-06,France,on,Receivables,All,46652.28696,64162.3745,43198.30979,43746.03885,0,0,0,0
2023-06,France,on,LL,Shoes,73089.4236,1932.317459,82979.46957,28070.15475,55298.37992,81872.92088,32179.94388,80506.63667
2023-06,France,on,LL,Apparel,81088.68913,72138.86687,58004.03909,98016.75105,54742.64314,41250.83421,63641.31175,35344.07798
2023-06,France,on,LL,Devices,67171.41907,37866.98598,5330.428395,86927.14418,76832.76909,31802.01201,99932.5504,89042.52986
2023-06,France,on,LL,Smart,53233.28761,9002.547037,16490.26179,2839.011714,33328.70111,43080.05634,67154.09811,3813.751695
2023-06,France,off,GG,Shoes,59978.43834,67615.74883,61252.85146,84703.28271,66761.48603,75500.04628,56334.9313,22407.67806
2023-06,France,off,GG,Apparel,78003.62279,48816.51633,71145.54079,73436.65255,31190.72888,564.9784964,4788.156522,21243.6666
2023-06,France,off,II,Shoes,3096.999785,43949.92283,85728.98947,4065.959206,32328.78365,46992.08134,76898.61976,70008.37894
2023-06,France,off,II,Apparel,12966.04386,73232.1142,63804.29119,5991.000446,60075.22685,84964.02783,43190.0095,68763.8748
2023-06,Stockholm,on,Cash,All,35492.63353,49633.08249,65875.21465,44647.09287,0,0,0,0
2023-06,Stockholm,on,Receivables,All,30927.12433,95722.81121,54279.48282,5804.023718,0,0,0,0
2023-06,Stockholm,on,LL,Shoes,55912.00429,87071.5421,43540.85528,26746.79762,50935.11164,57048.1591,57775.60842,49882.70002
2023-06,Stockholm,on,LL,Apparel,51080.28339,52689.06328,460.1519728,91186.43596,2962.660157,42714.90993,37059.97539,40739.85557
2023-06,Stockholm,on,LL,Devices,46054.27903,58647.49913,9953.695781,37250.2312,94381.45714,33479.29975,70403.57171,59728.8482
2023-06,Stockholm,on,LL,Smart,15512.08444,546.334197,4433.79238,19092.3941,22352.7367,72013.57233,16609.81259,3778.759103
2023-06,Stockholm,off,GG,Shoes,36392.5157,62259.65291,3720.677497,49504.47617,33528.10908,91728.96496,24546.65988,73934.84232
2023-06,Stockholm,off,GG,Apparel,98605.59683,76169.36271,97164.68468,8608.388906,38557.13426,43421.76198,23292.59578,72779.98918
2023-06,Stockholm,off,II,Shoes,53206.11408,78720.74077,39630.25487,15953.68075,14285.84763,43001.68373,71093.84669,77660.90335
2023-06,Stockholm,off,II,Apparel,75457.56275,16391.41571,42592.68077,38632.92718,40481.86011,67180.62667,40779.01222,27853.1685
2023-09,France,on,Cash,All,73815.19225,75522.3163,525.8644142,63447.07559,0,0,0,0
2023-09,France,on,Receivables,All,21261.52443,9321.049851,11846.00935,57555.32607,0,0,0,0
2023-09,France,on,LL,Shoes,19596.05749,14589.81,87468.80583,8939.802407,65700.14995,46576.04562,79772.04858,13872.75546
2023-09,France,on,LL,Apparel,34532.48637,81415.01968,56388.23616,60853.70395,4124.378432,35839.53633,94499.05242,12089.08076
2023-09,France,on,LL,Devices,98069.08322,99039.86198,90662.32676,91469.27897,83358.93253,20293.20513,19080.12871,50892.91599
2023-09,France,on,LL,Smart,40814.53616,79290.29959,9790.450454,9767.190998,14156.59962,45337.56842,67536.64215,45055.59554
2023-09,France,off,GG,Shoes,54512.66667,17081.08558,26211.55761,49877.1168,5063.660251,99319.71721,15172.92838,66318.46797
2023-09,France,off,GG,Apparel,51889.44362,40192.74488,97936.81288,20712.99594,22756.83563,95321.32976,77134.86826,60772.24029
2023-09,France,off,II,Shoes,39103.38963,43619.35451,35897.94968,59841.92772,52745.64668,62356.25011,92349.77451,113.234165
2023-09,France,off,II,Apparel,14428.90847,45319.27581,3281.219993,80354.435,73759.89875,67458.43415,14332.0143,56540.47965
2023-09,Stockholm,on,Cash,All,5106.942212,8048.945287,66084.79392,40999.842,0,0,0,0
2023-09,Stockholm,on,Receivables,All,67883.15797,98794.9363,21845.69611,43.86093682,0,0,0,0
2023-09,Stockholm,on,LL,Shoes,44131.98942,75169.95496,14797.43438,58127.05033,25665.56413,47968.22525,98202.52817,17851.43092
2023-09,Stockholm,on,LL,Apparel,31592.49653,94786.481,26191.46541,72565.42857,96973.69523,99679.83596,82670.77729,14215.04597
2023-09,Stockholm,on,LL,Devices,80755.60342,15183.77096,89355.49154,76048.38171,63469.15436,32362.11633,44455.27175,55930.85127
2023-09,Stockholm,on,LL,Smart,6635.564343,52854.75442,91860.20315,59068.98507,15083.56323,95532.5477,6174.390119,74270.05851
2023-09,Stockholm,off,GG,Shoes,5427.145821,48734.47998,82553.52376,1536.915291,41722.31321,62051.47367,78353.37711,78766.79485
2023-09,Stockholm,off,GG,Apparel,77040.47039,19124.43921,24041.81984,33094.45841,56279.54396,98474.07839,61685.04877,63761.05018
2023-09,Stockholm,off,II,Shoes,70574.66557,8537.055065,13777.42743,61660.36728,56508.95118,40931.03713,11310.11711,29544.40322
2023-09,Stockholm,off,II,Apparel,70713.98592,83421.84783,77683.88315,88982.48018,60473.15897,94580.0159,84899.49317,21125.39024
2023-12,France,on,Cash,All,3697.681052,14901.02133,71273.74174,14141.23112,0,0,0,0
2023-12,France,on,Receivables,All,45872.51012,7361.53769,80087.94626,83197.14474,0,0,0,0
2023-12,France,on,LL,Shoes,24214.87729,38931.92845,38259.44916,93032.75232,21819.57124,69593.27416,80761.8444,97912.92533
2023-12,France,on,LL,Apparel,64519.11949,19668.93034,63950.73919,9593.666882,40741.53683,42827.35807,46325.03075,71059.08294
2023-12,France,on,LL,Devices,48995.75316,93048.37604,25940.89406,56543.22174,44131.08158,59577.55781,37119.07513,99645.86875
2023-12,France,on,LL,Smart,67127.39396,31319.55665,3856.306764,71655.78719,85036.05088,18110.30795,73601.89596,47243.75788
2023-12,France,off,GG,Shoes,67726.10243,77171.18514,45685.59254,79851.21449,93999.2556,13192.37489,13212.32046,39926.82445
2023-12,France,off,GG,Apparel,46056.82437,9764.099093,6046.380595,98396.62286,41698.59097,21485.97013,42454.1503,30698.63866
2023-12,France,off,II,Shoes,97064.48074,20751.43231,74109.0561,99907.89385,69579.51927,43658.62852,17769.69031,47232.98289
2023-12,France,off,II,Apparel,62187.93528,51271.91337,27718.28014,78807.44892,88817.52328,86323.15163,84132.46945,1574.157818
2023-12,Stockholm,on,Cash,All,8304.358903,44854.36239,76211.53477,33316.16792,0,0,0,0
2023-12,Stockholm,on,Receivables,All,56360.77958,80243.67261,57307.89015,75191.98908,0,0,0,0
2023-12,Stockholm,on,LL,Shoes,53172.22327,9921.241989,69481.99062,69586.99069,50506.46672,96696.11359,27288.2803,25046.87418
2023-12,Stockholm,on,LL,Apparel,34142.13198,59912.56529,8364.42439,40729.01412,3278.029886,54636.91913,33843.0797,34466.62287
2023-12,Stockholm,on,LL,Devices,50180.12766,98139.94561,9969.361877,66049.25653,40596.88709,99781.54841,16958.11168,28234.32808
2023-12,Stockholm,on,LL,Smart,74682.30529,28808.54482,76221.67158,32478.30168,76536.65588,28727.24243,76126.46508,87324.31654
2023-12,Stockholm,off,GG,Shoes,95447.34195,54703.19149,92497.31888,18188.7811,12901.03297,75197.96753,48672.93749,67256.51408
2023-12,Stockholm,off,GG,Apparel,8722.388447,77269.88851,60858.96927,75022.67604,72821.57423,43168.38477,98858.14029,7048.515556
2023-12,Stockholm,off,II,Shoes,9383.704193,16109.72406,51678.56694,57058.35886,63851.51494,84339.31681,48904.34338,28287.93914
2023-12,Stockholm,off,II,Apparel,68076.60162,74765.66851,43208.74496,52489.98808,11353.061,19351.26023,88849.60738,9600.339427
2024-03,France,on,Cash,All,3068.131372,26943.98325,86647.7809,98245.23188,0,0,0,0
2024-03,France,on,Receivables,All,69322.54756,49601.71809,85725.95825,42224.44279,0,0,0,0
2024-03,France,on,LL,Shoes,40478.05003,55035.66588,640.0952714,82370.56259,14606.35864,2604.212842,56281.05799,11559.44763
2024-03,France,on,LL,Apparel,62060.4355,52376.80578,84135.02617,32141.53622,77574.2467,4390.988491,68905.58415,67667.65616
2024-03,France,on,LL,Devices,88952.13579,12793.30789,41970.47947,41788.3764,19119.0309,17413.98759,26060.21506,88534.49972
2024-03,France,on,LL,Smart,50924.85206,10312.58825,91090.54158,56889.49888,68895.01748,45083.15194,78344.77643,23175.18997
2024-03,France,off,GG,Shoes,35354.94064,51552.78882,22112.56809,89095.81828,57547.79976,34611.09676,53190.97248,23529.83172
2024-03,France,off,GG,Apparel,24463.61815,73789.39603,17440.56769,98021.03597,45485.44598,77884.56442,67998.64714,82977.8959
2024-03,France,off,II,Shoes,75438.37779,76284.47362,29294.21566,18721.85947,57218.55071,50338.77759,82552.99539,91656.43038
2024-03,France,off,II,Apparel,56694.59232,21788.54854,83238.00306,44697.43877,11933.38017,1971.891684,44439.37567,31160.07158
2024-03,Stockholm,on,Cash,All,35088.83981,75657.10766,57402.12789,50426.34073,0,0,0,0
2024-03,Stockholm,on,Receivables,All,33734.97576,70783.958,73391.76445,24742.57774,0,0,0,0
2024-03,Stockholm,on,LL,Shoes,75932.70826,23267.23585,9100.345182,68853.80996,32932.76353,48945.97923,85526.17449,49182.07517
2024-03,Stockholm,on,LL,Apparel,91720.04377,4235.328556,14438.39807,59773.00754,52907.12377,59832.7603,18007.30768,32684.09742
2024-03,Stockholm,on,LL,Devices,6901.16803,88079.45961,44753.31525,47312.21962,27439.38959,32721.82429,98543.9834,39390.18776
2024-03,Stockholm,on,LL,Smart,53186.49177,54023.85039,10530.66127,51880.39001,63150.33989,85591.89787,73638.13002,4299.53883
2024-03,Stockholm,off,GG,Shoes,48757.20377,38166.35471,8421.355298,57686.55734,30649.2834,51314.58047,99521.85557,60023.71314
2024-03,Stockholm,off,GG,Apparel,37317.03209,84188.67683,12046.85293,2343.137604,51876.57641,13912.38481,32389.5606,49525.52958
2024-03,Stockholm,off,II,Shoes,20799.5982,4427.40183,9742.009828,22536.57119,64088.76692,14486.92625,77757.74638,36006.90391
2024-03,Stockholm,off,II,Apparel,23976.85583,4667.649765,3017.790344,83440.56891,64211.05479,48263.9586,54496.05153,16094.1799
2024-06,France,on,Cash,All,78977.02417,60884.8932,90721.79183,85495.3117,0,0,0,0
2024-06,France,on,Receivables,All,32448.80786,46604.41105,572.579152,74517.79368,0,0,0,0
2024-06,France,on,LL,Shoes,32774.61338,54760.41883,90460.28101,91382.82366,56731.92454,63407.03029,22385.31726,87696.01683
2024-06,France,on,LL,Apparel,70750.25237,10318.38387,27750.51768,51203.59295,99944.76627,89823.50628,23195.03234,25609.76619
2024-06,France,on,LL,Devices,68452.96379,8101.555354,98127.33954,32794.60751,19945.17441,7393.947043,54882.23655,28991.26582
2024-06,France,on,LL,Smart,96057.89047,94468.73303,10449.07569,65586.48313,6868.415486,77973.46478,87551.32788,50311.71398
2024-06,France,off,GG,Shoes,97075.10049,39470.77695,15949.50036,91648.01404,37728.23254,67447.12301,93015.16984,6634.3006
2024-06,France,off,GG,Apparel,48005.20556,32890.04978,87748.19432,3500.041261,3928.539483,14229.83455,95940.561,7846.227046
2024-06,France,off,II,Shoes,28983.37311,50032.93316,87498.19844,85610.46188,75744.63325,27851.08196,52666.34967,48252.34369
2024-06,France,off,II,Apparel,35704.43293,49838.74444,44574.80659,30417.52487,44337.63479,20710.61487,96450.07357,26891.29841
2024-06,Stockholm,on,Cash,All,56202.13042,24987.00765,5435.778837,40997.85807,0,0,0,0
2024-06,Stockholm,on,Receivables,All,79298.5055,5483.495672,32366.70864,24442.88452,0,0,0,0
2024-06,Stockholm,on,LL,Shoes,82305.35341,65342.4401,57959.09023,63422.14027,22957.43354,51705.44693,6754.672308,98085.71734
2024-06,Stockholm,on,LL,Apparel,71029.20172,81068.51051,51124.74614,12964.07668,94672.61235,61027.06616,40784.90495,84024.48097
2024-06,Stockholm,on,LL,Devices,76697.74879,25109.28265,14068.4278,61004.3227,30362.73097,55475.77622,39746.76816,63507.95834
2024-06,Stockholm,on,LL,Smart,14089.88823,87774.0868,34421.40107,14793.04107,29028.21753,75678.09011,27372.11163,58281.8268
2024-06,Stockholm,off,GG,Shoes,65102.58245,60112.94236,38656.65753,46750.64312,50193.20032,34832.54602,7449.43055,46719.6718
2024-06,Stockholm,off,GG,Apparel,70582.17323,27017.45995,72700.84543,81537.01841,30627.58685,34807.98578,96000.35166,46682.67557
2024-06,Stockholm,off,II,Shoes,51972.95979,17411.05959,94153.74489,48690.51301,61814.78551,57894.15368,95836.10899,26124.6339
2024-06,Stockholm,off,II,Apparel,46044.61655,13291.47313,23588.81531,97834.22832,75319.52047,16602.72257,52099.21796,12018.82264
2024-09,France,on,Cash,All,73976.27581,2187.49951,14342.00593,36969.86634,0,0,0,0
2024-09,France,on,Receivables,All,75483.5149,21721.67881,96631.46462,68184.94068,0,0,0,0
2024-09,France,on,LL,Shoes,1148.073639,79611.03362,8475.114858,74510.37188,93784.40648,826.5288033,58692.19538,45251.15768
2024-09,France,on,LL,Apparel,943.745014,44574.83526,58986.50122,15236.29572,62644.01978,36220.90913,32118.6397,67339.22445
2024-09,France,on,LL,Devices,16922.42286,35679.66193,64681.06516,56364.19445,81366.50616,99265.50547,91316.16572,89631.38619
2024-09,France,on,LL,Smart,9726.365275,69245.24509,14425.87686,91037.88987,21795.34985,37943.68099,21584.0716,64733.83106
2024-09,France,off,GG,Shoes,46417.92409,81528.92663,2661.42724,62230.43149,40136.82447,81604.30808,83357.97447,94747.08848
2024-09,France,off,GG,Apparel,3629.387324,69018.14384,11854.40537,16218.86548,56419.32499,37456.88094,79777.06209,84735.86535
2024-09,France,off,II,Shoes,75557.16858,96846.10886,29860.19267,95688.34949,94491.24634,92840.14016,55697.95443,96500.54753
2024-09,France,off,II,Apparel,33399.89528,91730.16679,72417.77992,12336.04028,66917.31597,20376.81978,93128.67975,76488.61864
2024-09,Stockholm,on,Cash,All,19624.52665,11412.15063,18124.84759,1523.211168,0,0,0,0
2024-09,Stockholm,on,Receivables,All,49471.1856,73471.23162,44875.16615,92676.40726,0,0,0,0
2024-09,Stockholm,on,LL,Shoes,19499.37507,10535.95933,80320.30723,38465.95396,51159.46356,71458.28876,96344.5082,26620.48728
2024-09,Stockholm,on,LL,Apparel,22325.34699,35767.88414,75473.12002,65556.54937,78629.60237,19194.23074,15272.92867,89981.00198
2024-09,Stockholm,on,LL,Devices,4679.062847,43697.16205,46720.17574,58386.11844,25381.30337,55637.81873,16778.10542,71468.80139
2024-09,Stockholm,on,LL,Smart,77556.19922,35219.19722,24890.02543,25272.15595,49742.33937,31647.02741,9487.482381,79826.78316
2024-09,Stockholm,off,GG,Shoes,3543.43903,96916.81483,11915.47944,95077.93542,49543.62636,61619.7713,99204.662,78464.19093
2024-09,Stockholm,off,GG,Apparel,97250.41749,84964.80274,23398.75374,23358.42741,34425.25442,36974.36653,40201.06091,43854.40765
2024-09,Stockholm,off,II,Shoes,34552.52362,68893.61314,26543.16684,56335.12859,91085.06901,92641.58167,17274.31179,68591.73841
2024-09,Stockholm,off,II,Apparel,72452.28765,30590.31,69776.93733,41447.86729,65681.2714,81162.21854,60686.62488,37120.87534
2024-12,France,on,Cash,All,65331.94221,34685.20641,43512.80218,689.433279,0,0,0,0
2024-12,France,on,Receivables,All,20937.0388,1181.58373,29230.35132,82937.78032,0,0,0,0
2024-12,France,on,LL,Shoes,98872.06329,4062.237297,34006.12166,18711.4698,3762.133966,75278.799,11891.44601,49897.17374
2024-12,France,on,LL,Apparel,6813.721564,71115.3854,38829.23684,17686.14228,25929.10886,1761.787799,26437.37817,32716.12322
2024-12,France,on,LL,Devices,95309.21144,43414.45241,78519.34504,84966.56833,65191.21009,77010.81085,91752.79824,42290.00174
2024-12,France,on,LL,Smart,89582.50155,20997.93605,78613.99145,26314.93372,69830.73104,85870.86233,31682.21005,29339.25321
2024-12,France,off,GG,Shoes,39092.96701,45686.86396,69545.66146,8632.754208,34331.488,22996.16814,59922.35551,7957.690633
2024-12,France,off,GG,Apparel,83074.37536,50183.59284,47076.62817,64001.39887,67928.89694,39079.49921,91957.61512,45650.72765
2024-12,France,off,II,Shoes,31420.31739,28707.47107,98595.87329,49798.45749,24033.43459,13909.04551,96582.46398,62381.12364
2024-12,France,off,II,Apparel,48469.79256,66839.19699,85207.86344,2953.904452,70608.52969,91626.57672,38318.1246,44434.04799
2024-12,Stockholm,on,Cash,All,78245.14201,76408.81222,84214.23911,17343.09706,0,0,0,0
2024-12,Stockholm,on,Receivables,All,23178.45556,75884.02426,19402.80078,62074.35475,0,0,0,0
2024-12,Stockholm,on,LL,Shoes,97143.47047,47786.04359,66394.80665,86564.60841,43972.7089,25159.03896,84981.47716,7595.041971
2024-12,Stockholm,on,LL,Apparel,60672.22212,86949.04904,40080.67953,79595.52452,59996.74361,95527.86521,42100.53665,8913.342002
2024-12,Stockholm,on,LL,Devices,36829.19799,95083.34644,62268.80116,14072.0437,76007.20086,48289.04715,5082.311715,78132.58455
2024-12,Stockholm,on,LL,Smart,98897.94454,83446.04854,50427.0263,31040.15139,50255.38635,52460.35693,67225.56072,58366.76316
2024-12,Stockholm,off,GG,Shoes,56463.94559,93420.15376,59829.65691,39213.92354,17194.90559,62161.77588,22358.99097,91062.05825
2024-12,Stockholm,off,GG,Apparel,66685.73747,20390.84064,91003.47375,59746.11326,98341.86544,89647.60507,48170.08045,4971.889979
2024-12,Stockholm,off,II,Shoes,30128.7307,65411.08972,1177.45339,58545.08357,69528.95505,58528.07345,76568.71383,1105.925906
2024-12,Stockholm,off,II,Apparel,8856.996928,86157.01704,52984.8788,89160.81341,69311.36925,62563.49347,21317.24377,55412.92211
